{
    "parent": "guns/bar",
    "display": {
         "thirdperson_righthand": {
            "rotation": [ 180, 270, 90 ],
            "translation": [ 0.9, 1, -0.5 ],
            "scale": [ 0.6, 0.6, 0.6 ]
        },
        "firstperson_righthand": {
            "rotation": [ 0, -87, 0 ],
            "translation": [ 0, 7, -25],
            "scale": [ 2.1, 2.1, 2.1 ]
        },
        "thirdperson_lefthand": {
            "rotation": [ 180, 270, 90 ],
            "translation": [ 0.6, 1, -0.5 ],
            "scale": [ 0.6, 0.6, 0.6 ]
        },
        "firstperson_lefthand": {
            "rotation": [ 0, 87, 0 ],
            "translation": [ 5, 7, -25],
            "scale": [ 2.1, 2.1, 2.1 ]
        },
        "gui": {
          "rotation": [ 0, 170, -50 ],
          "translation": [ -1, 3, -0 ],
          "scale": [ 0.65, 0.65, 0.65 ]
        },
        "ground": {
          "rotation": [ 0, 0, 0 ],
          "translation": [ 10, 10, 0 ],
          "scale": [ 1, 1, 1 ]
        },
        "fixed": {
          "rotation": [-0, 0, -45 ],
          "translation": [ 5, 10, 0 ],
          "scale": [ 1.7, 1.7, 1.7 ]
        }
    }
}