{
    "parent": "guns/m1garand",
       "display": {
       "thirdperson_righthand": {
            "rotation": [ 180, 270, 180 ],
            "translation": [ -3, 3.5, -0.7],
            "scale": [ 0.8, 1, 1 ]
        },
        "firstperson_righthand": {
            "rotation": [ 0, -90, 0 ],
            "translation": [ 4, 10, -20],
            "scale": [ 4.2, 4.5, 4.3 ]
        },
        "thirdperson_lefthand": {
            "rotation": [ 180, 90, 180 ],
            "translation": [ -2, 3.5, -0.7],
            "scale": [ 0.8, 1, 1 ]
        },
        "firstperson_lefthand": {
            "rotation": [ 0, 90, 0 ],
            "translation": [ 9, 10, -20],
            "scale": [ 4.2, 4.5, 4.3 ]
        },
        "gui": {
          "rotation": [ 0, 170, -50 ],
          "translation": [ -3, 2, -0 ],
          "scale": [ 0.8, 0.8, 0.8 ]
        },
        "ground": {
          "rotation": [ 0, 0, 0 ],
          "translation": [ 0, 5, 0 ],
          "scale": [ 1.3, 1.5, 1.3 ]
        },
        "fixed": {
          "rotation": [-0, 0, -45 ],
          "translation": [ 15, 5, 0 ],
          "scale": [ 2.4, 2.4, 2.4 ]
        }
    }
}