{
    "parent": "guns/makarov",
    "display": {
        "thirdperson_righthand": {
            "rotation": [ 180, 270, 180 ],
            "translation": [ -2, 2, -1],
            "scale": [ 0.6, 0.6, 0.6 ]
        },
        "firstperson_righthand": {
            "rotation": [ 0, -90, 0 ],
            "translation": [ 0, 3, -15],
            "scale": [ 2.3, 2.3, 2.3 ]
        },
        "thirdperson_lefthand": {
            "rotation": [180, 90, 180 ],
              "translation": [ -2, 2, -1],
            "scale": [ 0.6, 0.6, 0.6 ]
        },
        "firstperson_lefthand": {
            "rotation": [ 0, 93, 0 ],
            "translation": [ 3, 0, -20],
            "scale": [ 2.3, 2.3, 2.3 ]
        },
        "gui": {
          "rotation": [ 0, 170, -50 ],
          "translation": [ -2, 1.5, 0 ],          
	   "scale": [ 1.3, 1.3, 1.3 ]
        },
        "ground": {
          "rotation": [ 0, 0, 0 ],
          "translation": [ 0, 3, 0 ],
          "scale": [ 0.8, 0.8, 0.8 ]
        },
        "fixed": {
          "rotation": [-0, 0, -45 ],
          "translation": [ 5, 3, 0 ],
          "scale": [ 2, 2, 2 ]
        }
    }
}