{
    "parent": "guns/rpk",
    "display": {
        "thirdperson_righthand": {
            "rotation": [ 180, 270, 180 ],
            "translation": [ -1.5, -1, 1],
            "scale": [ 0.6, 0.6, 0.6 ]
        },
        "firstperson_righthand": {
            "rotation": [ 0, -87, 0 ],
            "translation": [ 0, -4, -15],
            "scale": [ 2.3, 2.3, 2.3 ]
        },
        "thirdperson_lefthand": {
            "rotation": [180, 90, 180 ],
            "translation": [ -2.3, -1, 1],
            "scale": [ 0.6, 0.6, 0.6 ]
        },
        "firstperson_lefthand": {
            "rotation": [ 0, 93, 0 ],
            "translation": [ 0, -4, -20],
            "scale": [ 2.3, 2.3, 2.3 ]
        },
        "gui": {
          "rotation": [ 0, 170, -50 ],
          "translation": [ 0, 0, 0 ],          
	   "scale": [ 0.7, 0.7, 0.7 ]
        },
        "ground": {
          "rotation": [ 0, 0, 0 ],
          "translation": [ 0, 0, 0 ],
          "scale": [ 1.3, 1.3, 1.3 ]
        },
        "fixed": {
          "rotation": [-0, 0, -45 ],
          "translation": [ 5, -3.3, 0 ],
          "scale": [ 2.3, 2.3, 2.3 ]
        }
    }
}