{
    "parent": "guns/usp40",
    "display": {
         "thirdperson_righthand": {
            "rotation": [ 180, 270, 180 ],
            "translation": [ -2.3, 4, 2],
            "scale": [0.8, 0.8, 0.8 ]
        },
        "firstperson_righthand": {
            "rotation": [ 0, -90, 0 ],
            "translation": [ 0, 8, -10],
            "scale": [ 2.6, 2.7, 2.7]
        },
        "thirdperson_lefthand": {
            "rotation": [180, 90, 180 ],
             "translation": [ -2.3, 4, 2],
            "scale": [0.8, 0.8, 0.8 ]
        },
        "firstperson_lefthand": {
            "rotation": [ 0, 93, 0 ],
             "translation": [ 3, 8, -10],
            "scale": [ 2.6, 2.7, 2.7]
        },
        "gui": {
          "rotation": [ 0, 170, -50 ],
          "translation": [ -4, 0.7, 0 ],          
	   "scale": [ 1.5, 1.5, 1.5 ]
        },
        "ground": {
          "rotation": [ 0, 0, 0 ],
          "translation": [ 0, 3, 0 ],
          "scale": [ 1, 1, 1 ]
        },
        "fixed": {
          "rotation": [-0, 0, -45 ],
          "translation": [ 10, 0, 0 ],
          "scale": [ 2.3, 2.3, 2.3 ]
        }
    }
}