{
    "parent": "guns/l96",
     "display": {
        "thirdperson_righthand": {
            "rotation": [ 180, 90, 180 ],
            "translation": [ -1.5, 1, -1],
            "scale": [ 0.8, 0.8, 0.8 ]
        },
        "firstperson_righthand": {
            "rotation": [ 0, 90, 0 ],
            "translation": [ 0, 0, -17],
            "scale": [ 2.4, 2.4, 2.4 ]
        },
        "thirdperson_lefthand": {
             "rotation": [ 180, 270, 180 ],
            "translation": [ -1.5, 1, -1],
            "scale": [ 0.8, 0.8, 0.8 ]
        },
        "firstperson_lefthand": {
            "rotation": [ 0, -90, 0 ],
           "translation": [ 0, 0, -17],
            "scale": [ 2.4, 2.4, 2.4 ]
        },
        "gui": {
          "rotation": [ 0, 0, 50 ],
          "translation": [ 0, 0, 0 ],          
	   "scale": [ 0.8, 0.9, 0.9 ]
        },
        "ground": {
          "rotation": [ 0, 0, 0 ],
          "translation": [ 0, 0, 0 ],
          "scale": [ 1.1, 1.1, 1.1 ]
        },
        "fixed": {
          "rotation": [-180, 0, 180 ],
          "translation": [ 3, 0, 0 ],
          "scale": [ 2.5, 2.5, 2.5 ]
        }
    }
}