{
    "parent": "guns/aug",
    "display": {
         "thirdperson_righthand": {
            "rotation": [ 180, 270, 180 ],
            "translation": [ -2.5, 1.3, 14],
            "scale": [ 1, 1, 1 ]
        },
        "firstperson_righthand": {
            "rotation": [ 0, -90, 0 ],
            "translation": [ 0, 0.6, 27],
            "scale": [ 4, 4, 4 ]
        },
        "thirdperson_lefthand": {
            "rotation": [180, 90, 180 ],
            "translation": [ -2.5, 1.3, 14],
            "scale": [ 1, 1, 1 ]
        },
        "firstperson_lefthand": {
            "rotation": [ 0, 93, 0 ],
           "translation": [ 8, 0.6, 27],
            "scale": [ 4, 4, 4 ]
        },
        "gui": {
          "rotation": [ 0, 170, -50 ],
          "translation": [ -10, -10, 0 ],          
	   "scale": [ 1.2, 1, 1.2 ]
        },
        "ground": {
          "rotation": [ 0, 0, 0 ],
          "translation": [ 20, 3, 0 ],
          "scale": [ 1.5, 1.5, 1.5 ]
        },
        "fixed": {
          "rotation": [-0, 0, -45 ],
          "translation": [ 35, -30, 0 ],
          "scale": [ 3.5, 3.3, 3.5 ]
        }
    }
}