{
    "parent": "guns/fn_fal",
   "display": {
        "thirdperson_righthand": {
            "rotation": [ 180, 270, 180 ],
            "translation": [ -2.5, 2, -1],
            "scale": [ 0.7, 0.7, 0.7 ]
        },
        "firstperson_righthand": {
            "rotation": [ 0, -90, 0 ],
            "translation": [ 0, 7, -25],
            "scale": [ 3, 3, 3 ]
        },
        "thirdperson_lefthand": {
            "rotation": [180, 90, 180 ],
 	     "translation": [ -2.5, 2, -1],
            "scale": [ 0.7, 0.7, 0.7 ]
        },
        "firstperson_lefthand": {
            "rotation": [ 0, 93, 0 ],
             "translation": [ 4, 7, -25],
            "scale": [ 3, 3, 3 ]
        },
        "gui": {
          "rotation": [ 0, 170, -50 ],
          "translation": [ 0, 0, 0 ],          
	   "scale": [ 0.7, 0.8, 0.8 ]
        },
        "ground": {
          "rotation": [ 0, 0, 0 ],
          "translation": [ 0, 5, 0 ],
          "scale": [ 1.1, 1.1, 1.1 ]
        },
        "fixed": {
          "rotation": [-0, 0, -45 ],
          "translation": [ 6, 4.3, 0 ],
          "scale": [ 2.2, 2.2, 2.2 ]
        }
    }
}