{
    "parent": "guns/knife",
    "display": {
        "thirdperson_righthand": {
             "rotation": [ 0, 0, 0 ],
             "translation": [ 0, 0, 0 ],
             "scale": [ 0.5, 0.5, 0.5 ]
    	},
    	"thirdperson_lefthand": {
             "rotation": [ 0, 0, 0 ],
             "translation": [ 0, 0, 0 ],
             "scale": [ 0.5, 0.5, 0.5 ]
   	 },
    	"head": {
             "rotation": [ 0, 0, 0 ],
       	      "translation": [ 0, 0, 0 ],
             "scale": [ 1, 1, 1 ]
   	 },
    	"ground": {
      	      "rotation": [ 0, 0, 0 ],
     	      "translation": [ 0, 3, 0 ],
     	      "scale": [ 0.8, 0.8, 0.8 ]
   	 },
   	 "fixed": {
     	      "rotation": [ 0, 0, 0 ],
      	      "translation": [ 0, 0, 0 ],
     	      "scale": [ 0.5, 0.5, 0.5 ]
   	 },
   	 "firstperson_righthand": {
     	      "rotation": [ 0, 0, 90 ],
     	      "translation": [ -2, 3, 0 ],
     	      "scale": [ 0.7, 0.7, 0.7 ]
  	  },
 	   "firstperson_lefthand": {
  	      "rotation": [ 0, 0, 0 ],
  	      "translation": [ 0, 3, 0 ],
              "scale": [ 0.5, 0.5, 0.5 ]
  	  },
   	 "gui": {
   	      "rotation": [90, -45, 0 ],
    	      "translation": [ 0, 0, 0 ],
    	      "scale": [ 1.3, 1.3, 1.3 ]
    	}
    }
}