{
    "parent": "guns/miniuzi",
    "display": {
         "thirdperson_righthand": {
            "rotation": [ 180, -90, 180 ],
            "translation": [ -2.5, 2, 6],
            "scale": [ 0.55, 0.55, 0.55 ]
        },
        "firstperson_righthand": {
            "rotation": [ 0, -90, 0 ],
            "translation": [ 3, 1, -5],
            "scale": [ 2, 2, 2 ]
        },
        "thirdperson_lefthand": {
             "rotation": [ 180, 90, 180 ],
              "translation": [ -2.5, 2, 6],
            "scale": [ 0.55, 0.55, 0.55 ]
        },
        "firstperson_lefthand": {
            "rotation": [ 0, 93, 0 ],
           "translation": [ 4, 1, -5],
            "scale": [ 2, 2, 2 ]
        },
        "gui": {
          "rotation": [ 0, -180, -50 ],
          "translation": [ -5, -5, 0 ],          
	   "scale": [ 0.9, 0.9, 0.9 ]
        },
        "ground": {
          "rotation": [ 0, 0, 0 ],
          "translation": [ 0, 5, 0 ],
          "scale": [ 0.6, 0.6, 0.6 ]
        },
        "fixed": {
          "rotation": [-0, 0, -45 ],
          "translation": [ 14, -7, 0 ],
          "scale": [ 2, 2, 2 ]
        }
    }
}