{
    "parent": "block/shield",
    "display": {
        "thirdperson_righthand": {
            "rotation": [ 45, 135, 0 ],
            "translation": [ 6, 10, -2 ],
            "scale": [ 1, 1, 1 ]
        },
        "thirdperson_lefthand": {
            "rotation": [ 40, 150, 0 ],
            "translation": [ 6, 8, -1 ],
            "scale": [ 1, 1, 1 ]
        },
        "firstperson_righthand": {
            "rotation": [ 0, 180, -5 ],
            "translation": [ -13, 7, -11 ],
            "scale": [ 1.25, 1.25, 1.25 ]
        },
        "firstperson_lefthand": {
            "rotation": [ 0, 180, -5 ],
            "translation": [ -5, 8, -11 ],
            "scale": [ 1.25, 1.25, 1.25 ]
        },
        "gui": {
            "rotation": [ 15, -25, -5 ],
            "translation": [ 2, 3, 0 ],
            "scale": [ 0.65, 0.65, 0.65 ]
        }
    }
}
