{
    "__comment": "Model generated using MrCrayfish's Model Creator (http://mrcrayfish.com/modelcreator/)",
    "textures": {
        "0": "blocks/cauldron_bottom",
        "1": "blocks/anvil_base",
        "2": "blocks/wool_colored_black",
        "3": "blocks/colours/green",
        "4": "blocks/hardened_clay_stained_black",
        "5": "blocks/planks_big_oak",
        "6": "blocks/wool_colored_red"
    },
    "elements": [
        {
            "name": "Cube",
            "from": [ -15.899999998509884, 5.0, 7.899999998509884 ], 
            "to": [ -14.099999986588955, 5.699999995529652, 8.599999994039536 ], 
            "faces": {
                "north": { "texture": "#0", "uv": [ 0.0, 0.0, 1.800000011920929, 0.6999999955296516 ] },
                "east": { "texture": "#0", "uv": [ 0.0, 0.0, 0.6999999955296516, 0.6999999955296516 ] },
                "south": { "texture": "#0", "uv": [ 0.0, 0.0, 1.800000011920929, 0.6999999955296516 ] },
                "west": { "texture": "#0", "uv": [ 0.0, 0.0, 0.6999999955296516, 0.6999999955296516 ] },
                "up": { "texture": "#0", "uv": [ 0.0, 0.0, 1.800000011920929, 0.6999999955296516 ] },
                "down": { "texture": "#0", "uv": [ 0.0, 0.0, 1.800000011920929, 0.6999999955296516 ] }
            }
        },
        {
            "name": "Cube",
            "from": [ -14.799999982118607, 5.100000001490116, 8.0 ], 
            "to": [ -7.999999970197678, 5.5999999940395355, 8.49999999254942 ], 
            "faces": {
                "north": { "texture": "#1", "uv": [ 0.0, 0.0, 0.1, 0.4999999925494194 ] },
                "east": { "texture": "#1", "uv": [ 0.0, 0.0, 0.4999999925494194, 0.4999999925494194 ] },
                "south": { "texture": "#1", "uv": [ 0.0, 0.0, 0.1, 0.4999999925494194 ] },
                "west": { "texture": "#1", "uv": [ 0.0, 0.0, 0.4999999925494194, 0.4999999925494194 ] },
                "up": { "texture": "#1", "uv": [ 0.0, 0.0, 0.1, 0.4999999925494194 ] },
                "down": { "texture": "#1", "uv": [ 0.0, 0.0, 0.1, 0.4999999925494194 ] }
            }
        },
        {
            "name": "Cube",
            "from": [ -10.0, 5.0, 7.899999998509884 ], 
            "to": [ -9.199999988079071, 5.699999995529652, 8.600000008940697 ], 
            "faces": {
                "north": { "texture": "#0", "uv": [ 0.0, 0.0, 0.800000011920929, 0.6999999955296516 ] },
                "east": { "texture": "#0", "uv": [ 0.0, 0.0, 0.6999999955296516, 0.6999999955296516 ] },
                "south": { "texture": "#0", "uv": [ 0.0, 0.0, 0.800000011920929, 0.6999999955296516 ] },
                "west": { "texture": "#0", "uv": [ 0.0, 0.0, 0.6999999955296516, 0.6999999955296516 ] },
                "up": { "texture": "#0", "uv": [ 0.0, 0.0, 0.800000011920929, 0.6999999955296516 ] },
                "down": { "texture": "#0", "uv": [ 0.0, 0.0, 0.800000011920929, 0.6999999955296516 ] }
            }
        },
        {
            "name": "Cube",
            "from": [ -10.0, 5.700000010430813, 8.200000002980232 ], 
            "to": [ -9.199999988079071, 5.799999997019768, 8.299999989569187 ], 
            "faces": {
                "north": { "texture": "#0", "uv": [ 0.0, 0.0, 0.800000011920929, 0.09999998658895493 ] },
                "east": { "texture": "#0", "uv": [ 0.0, 0.0, 0.09999998658895493, 0.09999998658895493 ] },
                "south": { "texture": "#0", "uv": [ 0.0, 0.0, 0.800000011920929, 0.09999998658895493 ] },
                "west": { "texture": "#0", "uv": [ 0.0, 0.0, 0.09999998658895493, 0.09999998658895493 ] },
                "up": { "texture": "#0", "uv": [ 0.0, 0.0, 0.800000011920929, 0.09999998658895493 ] },
                "down": { "texture": "#0", "uv": [ 0.0, 0.0, 0.800000011920929, 0.09999998658895493 ] }
            }
        },
        {
            "name": "Cube",
            "from": [ -9.69999998062849, 5.900000013411045, 8.0 ], 
            "to": [ -8.099999971687794, 6.4000000059604645, 8.49999999254942 ], 
            "faces": {
                "north": { "texture": "#2", "uv": [ 0.0, 0.0, 0.1, 0.4999999925494194 ] },
                "east": { "texture": "#2", "uv": [ 0.0, 0.0, 0.4999999925494194, 0.4999999925494194 ] },
                "south": { "texture": "#2", "uv": [ 0.0, 0.0, 0.1, 0.4999999925494194 ] },
                "west": { "texture": "#2", "uv": [ 0.0, 0.0, 0.4999999925494194, 0.4999999925494194 ] },
                "up": { "texture": "#2", "uv": [ 0.0, 0.0, 0.1, 0.4999999925494194 ] },
                "down": { "texture": "#2", "uv": [ 0.0, 0.0, 0.1, 0.4999999925494194 ] }
            }
        },
        {
            "name": "Cube",
            "from": [ -8.199999988079071, 5.800000011920929, 8.0 ], 
            "to": [ 14.400000020861626, 6.500000007450581, 8.699999995529652 ], 
            "faces": {
                "north": { "texture": "#2", "uv": [ 0.0, 0.0, 0.1, 0.6999999955296516 ] },
                "east": { "texture": "#2", "uv": [ 0.0, 0.0, 0.7, 0.6999999955296516 ] },
                "south": { "texture": "#2", "uv": [ 0.0, 0.0, 0.1, 0.6999999955296516 ] },
                "west": { "texture": "#2", "uv": [ 0.0, 0.0, 0.6999999955296516, 0.6999999955296516 ] },
                "up": { "texture": "#2", "uv": [ 0.0, 0.0, 0.1, 0.6999999955296516 ] },
                "down": { "texture": "#2", "uv": [ 0.0, 0.0, 0.1, 0.6999999955296516 ] }
            }
        },
        {
            "name": "Cube",
            "from": [ -10.0, 6.80000002682209, 7.899999998509884 ], 
            "to": [ -9.199999988079071, 7.400000020861626, 7.999999985098839 ], 
            "faces": {
                "north": { "texture": "#0", "uv": [ 0.0, 0.0, 0.800000011920929, 0.7999999970197678 ] },
                "east": { "texture": "#0", "uv": [ 0.0, 0.0, 0.09999998658895493, 0.7999999970197678 ] },
                "south": { "texture": "#0", "uv": [ 0.0, 0.0, 0.800000011920929, 0.7999999970197678 ] },
                "west": { "texture": "#0", "uv": [ 0.0, 0.0, 0.09999998658895493, 0.7999999970197678 ] },
                "up": { "texture": "#0", "uv": [ 0.0, 0.0, 0.800000011920929, 0.09999998658895493 ] },
                "down": { "texture": "#0", "uv": [ 0.0, 0.0, 0.800000011920929, 0.09999998658895493 ] }
            }
        },
        {
            "name": "Cube",
            "from": [ -10.0, 6.80000002682209, 8.50000000745058 ], 
            "to": [ -9.199999988079071, 7.400000020861626, 8.599999994039536 ], 
            "faces": {
                "north": { "texture": "#0", "uv": [ 0.0, 0.0, 0.800000011920929, 0.7999999970197678 ] },
                "east": { "texture": "#0", "uv": [ 0.0, 0.0, 0.09999998658895493, 0.7999999970197678 ] },
                "south": { "texture": "#0", "uv": [ 0.0, 0.0, 0.800000011920929, 0.7999999970197678 ] },
                "west": { "texture": "#0", "uv": [ 0.0, 0.0, 0.09999998658895493, 0.7999999970197678 ] },
                "up": { "texture": "#0", "uv": [ 0.0, 0.0, 0.800000011920929, 0.09999998658895493 ] },
                "down": { "texture": "#0", "uv": [ 0.0, 0.0, 0.800000011920929, 0.09999998658895493 ] }
            }
        },
        {
            "name": "Cube",
            "from": [ -10.0, 7.400000020861626, 8.0 ], 
            "to": [ -9.199999988079071, 7.500000007450581, 8.49999999254942 ], 
            "faces": {
                "north": { "texture": "#0", "uv": [ 0.0, 0.0, 0.800000011920929, 0.09999998658895493 ] },
                "east": { "texture": "#0", "uv": [ 0.0, 0.0, 0.6999999955296516, 0.09999998658895493 ] },
                "south": { "texture": "#0", "uv": [ 0.0, 0.0, 0.800000011920929, 0.09999998658895493 ] },
                "west": { "texture": "#0", "uv": [ 0.0, 0.0, 0.6999999955296516, 0.09999998658895493 ] },
                "up": { "texture": "#0", "uv": [ 0.0, 0.0, 0.800000011920929, 0.6999999955296516 ] },
                "down": { "texture": "#0", "uv": [ 0.0, 0.0, 0.800000011920929, 0.6999999955296516 ] }
            }
        },
        {
            "name": "Cube",
            "from": [ -10.0, 6.500000022351742, 8.200000002980232 ], 
            "to": [ -9.199999988079071, 7.000000014901161, 8.299999989569187 ], 
            "faces": {
                "north": { "texture": "#0", "uv": [ 0.0, 0.0, 0.800000011920929, 0.19999998807907104 ] },
                "east": { "texture": "#0", "uv": [ 0.0, 0.0, 0.09999998658895493, 0.19999998807907104 ] },
                "south": { "texture": "#0", "uv": [ 0.0, 0.0, 0.800000011920929, 0.19999998807907104 ] },
                "west": { "texture": "#0", "uv": [ 0.0, 0.0, 0.09999998658895493, 0.19999998807907104 ] },
                "up": { "texture": "#0", "uv": [ 0.0, 0.0, 0.800000011920929, 0.09999998658895493 ] },
                "down": { "texture": "#0", "uv": [ 0.0, 0.0, 0.800000011920929, 0.09999998658895493 ] }
            }
        },
        {
            "name": "Cube",
            "from": [ -10.0, 6.700000010430813, 8.0 ], 
            "to": [ -9.199999988079071, 6.799999997019768, 8.49999999254942 ], 
            "faces": {
                "north": { "texture": "#0", "uv": [ 0.0, 0.0, 0.800000011920929, 0.09999998658895493 ] },
                "east": { "texture": "#0", "uv": [ 0.0, 0.0, 0.6999999955296516, 0.09999998658895493 ] },
                "south": { "texture": "#0", "uv": [ 0.0, 0.0, 0.800000011920929, 0.09999998658895493 ] },
                "west": { "texture": "#0", "uv": [ 0.0, 0.0, 0.6999999955296516, 0.09999998658895493 ] },
                "up": { "texture": "#0", "uv": [ 0.0, 0.0, 0.800000011920929, 0.6999999955296516 ] },
                "down": { "texture": "#0", "uv": [ 0.0, 0.0, 0.800000011920929, 0.6999999955296516 ] }
            }
        },
        {
            "name": "Cube",
            "from": [ -10.0, 5.799999997019768, 7.899999998509884 ], 
            "to": [ -9.199999988079071, 6.499999992549419, 8.599999994039536 ], 
            "faces": {
                "north": { "texture": "#0", "uv": [ 0.0, 0.0, 0.800000011920929, 0.6999999955296516 ] },
                "east": { "texture": "#0", "uv": [ 0.0, 0.0, 0.6999999955296516, 0.6999999955296516 ] },
                "south": { "texture": "#0", "uv": [ 0.0, 0.0, 0.800000011920929, 0.6999999955296516 ] },
                "west": { "texture": "#0", "uv": [ 0.0, 0.0, 0.6999999955296516, 0.6999999955296516 ] },
                "up": { "texture": "#0", "uv": [ 0.0, 0.0, 0.800000011920929, 0.6999999955296516 ] },
                "down": { "texture": "#0", "uv": [ 0.0, 0.0, 0.800000011920929, 0.6999999955296516 ] }
            }
        },
        {
            "name": "Cube",
            "from": [ -9.200000002980232, 4.799999997019768, 7.699999995529652 ], 
            "to": [ 2.600000023841858, 6.100000001490116, 9.0 ], 
            "faces": {
                "north": { "texture": "#3", "uv": [ 0.0, 0.0, 12.800000011920929, 0.6999999955296516 ] },
                "east": { "texture": "#3", "uv": [ 0.0, 0.0, 0.6999999955296516, 0.6999999955296516 ] },
                "south": { "texture": "#3", "uv": [ 0.0, 0.0, 12.800000011920929, 0.6999999955296516 ] },
                "west": { "texture": "#3", "uv": [ 0.0, 0.0, 0.6999999955296516, 0.6999999955296516 ] },
                "up": { "texture": "#3", "uv": [ 0.0, 0.0, 12.800000011920929, 0.6999999955296516 ] },
                "down": { "texture": "#3", "uv": [ 0.0, 0.0, 12.800000011920929, 0.6999999955296516 ] }
            }
        },
        {
            "name": "Cube",
            "from": [ -9.200000002980232, 4.799999997019768, 7.699999995529652 ], 
            "to": [ 2.600000023841858, 5.799999997019768, 8.399999991059303 ], 
            "rotation": { "origin": [ 7.0, 4.799999997019768, 7.699999995529652 ], "axis": "x", "angle": 45.0 },
            "faces": {
                "north": { "texture": "#3", "uv": [ 0.0, 0.0, 12.800000011920929, 0.6999999955296516 ] },
                "east": { "texture": "#3", "uv": [ 0.0, 0.0, 0.6999999955296516, 0.6999999955296516 ] },
                "south": { "texture": "#3", "uv": [ 0.0, 0.0, 12.800000011920929, 0.6999999955296516 ] },
                "west": { "texture": "#3", "uv": [ 0.0, 0.0, 0.6999999955296516, 0.6999999955296516 ] },
                "up": { "texture": "#3", "uv": [ 0.0, 0.0, 12.800000011920929, 0.6999999955296516 ] },
                "down": { "texture": "#3", "uv": [ 0.0, 0.0, 12.800000011920929, 0.6999999955296516 ] }
            }
        },
        {
            "name": "Cube",
            "from": [ -9.200000002980232, 4.799999997019768, 7.699999995529652 ], 
            "to": [ 2.600000023841858, 5.799999997019768, 8.399999991059303 ], 
            "rotation": { "origin": [ 7.0, 5.500000007450581, 8.69999998062849 ], "axis": "x", "angle": -45.0 },
            "faces": {
                "north": { "texture": "#3", "uv": [ 0.0, 0.0, 12.800000011920929, 0.6999999955296516 ] },
                "east": { "texture": "#3", "uv": [ 0.0, 0.0, 0.6999999955296516, 0.6999999955296516 ] },
                "south": { "texture": "#3", "uv": [ 0.0, 0.0, 12.800000011920929, 0.6999999955296516 ] },
                "west": { "texture": "#3", "uv": [ 0.0, 0.0, 0.6999999955296516, 0.6999999955296516 ] },
                "up": { "texture": "#3", "uv": [ 0.0, 0.0, 12.800000011920929, 0.6999999955296516 ] },
                "down": { "texture": "#3", "uv": [ 0.0, 0.0, 12.800000011920929, 0.6999999955296516 ] }
            }
        },
        {
            "name": "Cube",
            "from": [ -9.200000002980232, 4.300000004470348, 8.200000002980232 ], 
            "to": [ 2.600000023841858, 4.699999995529652, 8.49999999254942 ], 
            "faces": {
                "north": { "texture": "#3", "uv": [ 0.0, 0.0, 12.800000011920929, 0.6999999955296516 ] },
                "east": { "texture": "#3", "uv": [ 0.0, 0.0, 0.6999999955296516, 0.6999999955296516 ] },
                "south": { "texture": "#3", "uv": [ 0.0, 0.0, 12.800000011920929, 0.6999999955296516 ] },
                "west": { "texture": "#3", "uv": [ 0.0, 0.0, 0.6999999955296516, 0.6999999955296516 ] },
                "up": { "texture": "#3", "uv": [ 0.0, 0.0, 12.800000011920929, 0.6999999955296516 ] },
                "down": { "texture": "#3", "uv": [ 0.0, 0.0, 12.800000011920929, 0.6999999955296516 ] }
            }
        },
        {
            "name": "Cube",
            "from": [ 2.5999999940395355, 4.299999989569187, 7.699999995529652 ], 
            "to": [ 14.400000020861626, 5.799999997019768, 9.0 ], 
            "faces": {
                "north": { "texture": "#2", "uv": [ 0.0, 0.0, 0.1, 0.1 ] },
                "east": { "texture": "#2", "uv": [ 0.0, 0.0, 0.1, 0.1 ] },
                "south": { "texture": "#2", "uv": [ 0.0, 0.0, 0.1, 0.1 ] },
                "west": { "texture": "#2", "uv": [ 0.0, 0.0, 0.1, 0.1 ] },
                "up": { "texture": "#2", "uv": [ 0.0, 0.0, 0.1, 0.1 ] },
                "down": { "texture": "#2", "uv": [ 0.0, 0.0, 0.1, 0.1 ] }
            }
        },
        {
            "name": "Cube",
            "from": [ 4.5999999940395355, -1.2000000029802322, 7.799999997019768 ], 
            "to": [ 7.400000020861626, 3.0, 8.899999998509884 ], 
            "faces": {
                "north": { "texture": "#1", "uv": [ 0.0, 0.0, 0.1, 0.6999999955296516 ] },
                "east": { "texture": "#1", "uv": [ 0.0, 0.0, 0.6999999955296516, 0.6999999955296516 ] },
                "south": { "texture": "#1", "uv": [ 0.0, 0.0, 0.1, 0.6999999955296516 ] },
                "west": { "texture": "#1", "uv": [ 0.0, 0.0, 0.6999999955296516, 0.6999999955296516 ] },
                "up": { "texture": "#1", "uv": [ 0.0, 0.0, 12.800000011920929, 0.6999999955296516 ] },
                "down": { "texture": "#1", "uv": [ 0.0, 0.0, 0.1, 0.6999999955296516 ] }
            }
        },
        {
            "name": "Cube",
            "from": [ 4.499999992549419, 2.7999999970197678, 7.699999995529652 ], 
            "to": [ 7.500000022351742, 3.0, 9.100000001490116 ], 
            "faces": {
                "north": { "texture": "#0", "uv": [ 0.0, 0.0, 0.1, 0.6999999955296516 ] },
                "east": { "texture": "#0", "uv": [ 0.0, 0.0, 0.6999999955296516, 0.6999999955296516 ] },
                "south": { "texture": "#0", "uv": [ 0.0, 0.0, 0.1, 0.6999999955296516 ] },
                "west": { "texture": "#0", "uv": [ 0.0, 0.0, 0.6999999955296516, 0.6999999955296516 ] },
                "up": { "texture": "#0", "uv": [ 0.0, 0.0, 0.1, 0.6999999955296516 ] },
                "down": { "texture": "#0", "uv": [ 0.0, 0.0, 0.1, 0.6999999955296516 ] }
            }
        },
        {
            "name": "Cube",
            "from": [ 4.5999999940395355, 2.7999999970197678, 7.699999995529652 ], 
            "to": [ 7.400000020861626, 4.299999989569187, 9.0 ], 
            "faces": {
                "north": { "texture": "#0", "uv": [ 0.0, 0.0, 0.1, 0.6999999955296516 ] },
                "east": { "texture": "#0", "uv": [ 0.0, 0.0, 0.6999999955296516, 0.6999999955296516 ] },
                "south": { "texture": "#0", "uv": [ 0.0, 0.0, 0.1, 0.6999999955296516 ] },
                "west": { "texture": "#0", "uv": [ 0.0, 0.0, 0.6999999955296516, 0.6999999955296516 ] },
                "up": { "texture": "#0", "uv": [ 0.0, 0.0, 12.800000011920929, 0.6999999955296516 ] },
                "down": { "texture": "#0", "uv": [ 0.0, 0.0, 0.1, 0.6999999955296516 ] }
            }
        },
        {
            "name": "Cube",
            "from": [ 7.399999991059303, 3.100000001490116, 8.100000001490116 ], 
            "to": [ 12.1000000461936, 4.299999989569187, 8.699999995529652 ], 
            "faces": {
                "north": { "texture": "#2", "uv": [ 0.0, 0.0, 0.1, 0.6999999955296516 ] },
                "east": { "texture": "#2", "uv": [ 0.0, 0.0, 0.7, 0.6999999955296516 ] },
                "south": { "texture": "#2", "uv": [ 0.0, 0.0, 0.1, 0.6999999955296516 ] },
                "west": { "texture": "#2", "uv": [ 0.0, 0.0, 0.6999999955296516, 0.6999999955296516 ] },
                "up": { "texture": "#2", "uv": [ 0.0, 0.0, 12.800000011920929, 0.6999999955296516 ] },
                "down": { "texture": "#2", "uv": [ 0.0, 0.0, 0.1, 0.6999999955296516 ] }
            }
        },
        {
            "name": "Cube",
            "from": [ 11.100000001490116, 0.10000000149011612, 8.100000001490116 ], 
            "to": [ 12.400000020861626, 2.6999999955296516, 8.699999995529652 ], 
            "rotation": { "origin": [ 9.899999998509884, 2.0, 8.0 ], "axis": "z", "angle": 22.5 },
            "faces": {
                "north": { "texture": "#2", "uv": [ 0.0, 0.0, 0.1, 0.6999999955296516 ] },
                "east": { "texture": "#2", "uv": [ 0.0, 0.0, 0.6999999955296516, 0.6999999955296516 ] },
                "south": { "texture": "#2", "uv": [ 0.0, 0.0, 0.1, 0.6999999955296516 ] },
                "west": { "texture": "#2", "uv": [ 0.0, 0.0, 0.6999999955296516, 0.6999999955296516 ] },
                "up": { "texture": "#2", "uv": [ 0.0, 0.0, 12.800000011920929, 0.6999999955296516 ] },
                "down": { "texture": "#2", "uv": [ 0.0, 0.0, 0.1, 0.6999999955296516 ] }
            }
        },
        {
            "name": "Cube",
            "from": [ 11.300000004470348, 0.20000000298023224, 8.0 ], 
            "to": [ 12.200000017881393, 2.899999998509884, 8.799999997019768 ], 
            "rotation": { "origin": [ 9.899999998509884, 2.0, 8.0 ], "axis": "z", "angle": 22.5 },
            "faces": {
                "north": { "texture": "#4", "uv": [ 0.0, 0.0, 0.1, 0.1 ] },
                "east": { "texture": "#4", "uv": [ 0.0, 0.0, 0.1, 0.1 ] },
                "south": { "texture": "#4", "uv": [ 0.0, 0.0, 0.1, 0.1 ] },
                "west": { "texture": "#4", "uv": [ 0.0, 0.0, 0.1, 0.1 ] },
                "up": { "texture": "#4", "uv": [ 0.0, 0.0, 0.1, 0.1 ] },
                "down": { "texture": "#4", "uv": [ 0.0, 0.0, 0.1, 0.1 ] }
            }
        },
        {
            "name": "Cube",
            "from": [ 12.100000001490116, 3.5999999940395355, 8.100000001490116 ], 
            "to": [ 14.400000020861626, 4.399999991059303, 8.699999995529652 ], 
            "faces": {
                "north": { "texture": "#2", "uv": [ 0.0, 0.0, 0.1, 0.1 ] },
                "east": { "texture": "#2", "uv": [ 0.0, 0.0, 0.1, 0.1 ] },
                "south": { "texture": "#2", "uv": [ 0.0, 0.0, 0.1, 0.1 ] },
                "west": { "texture": "#2", "uv": [ 0.0, 0.0, 0.1, 0.1 ] },
                "up": { "texture": "#2", "uv": [ 0.0, 0.0, 0.1, 0.1 ] },
                "down": { "texture": "#2", "uv": [ 0.0, 0.0, 0.1, 0.1 ] }
            }
        },
        {
            "name": "Cube",
            "from": [ 13.400000020861626, 3.5999999940395355, 8.100000001490116 ], 
            "to": [ 14.30000003427267, 4.399999991059303, 8.699999995529652 ], 
            "rotation": { "origin": [ 13.199999974668026, 1.3999999910593033, 7.899999998509884 ], "axis": "z", "angle": 45.0 },
            "faces": {
                "north": { "texture": "#2", "uv": [ 0.0, 0.0, 0.1, 0.1 ] },
                "east": { "texture": "#2", "uv": [ 0.0, 0.0, 0.1, 0.1 ] },
                "south": { "texture": "#2", "uv": [ 0.0, 0.0, 0.1, 0.1 ] },
                "west": { "texture": "#2", "uv": [ 0.0, 0.0, 0.1, 0.1 ] },
                "up": { "texture": "#2", "uv": [ 0.0, 0.0, 0.1, 0.1 ] },
                "down": { "texture": "#2", "uv": [ 0.0, 0.0, 0.1, 0.1 ] }
            }
        },
        {
            "name": "Cube",
            "from": [ 14.399999991059303, 5.800000011920929, 8.0 ], 
            "to": [ 15.399999991059303, 6.500000007450581, 8.699999995529652 ], 
            "faces": {
                "north": { "texture": "#3", "uv": [ 0.0, 0.0, 12.800000011920929, 0.6999999955296516 ] },
                "east": { "texture": "#3", "uv": [ 0.0, 0.0, 0.6999999955296516, 0.6999999955296516 ] },
                "south": { "texture": "#3", "uv": [ 0.0, 0.0, 12.800000011920929, 0.6999999955296516 ] },
                "west": { "texture": "#3", "uv": [ 0.0, 0.0, 0.6999999955296516, 0.6999999955296516 ] },
                "up": { "texture": "#3", "uv": [ 0.0, 0.0, 12.800000011920929, 0.6999999955296516 ] },
                "down": { "texture": "#3", "uv": [ 0.0, 0.0, 12.800000011920929, 0.6999999955296516 ] }
            }
        },
        {
            "name": "Cube",
            "from": [ 14.399999991059303, 4.299999989569187, 7.699999995529652 ], 
            "to": [ 15.399999991059303, 5.799999997019768, 9.0 ], 
            "faces": {
                "north": { "texture": "#3", "uv": [ 0.0, 0.0, 0.1, 0.1 ] },
                "east": { "texture": "#3", "uv": [ 0.0, 0.0, 0.1, 0.1 ] },
                "south": { "texture": "#3", "uv": [ 0.0, 0.0, 0.1, 0.1 ] },
                "west": { "texture": "#3", "uv": [ 0.0, 0.0, 0.1, 0.1 ] },
                "up": { "texture": "#3", "uv": [ 0.0, 0.0, 0.1, 0.1 ] },
                "down": { "texture": "#3", "uv": [ 0.0, 0.0, 0.1, 0.1 ] }
            }
        },
        {
            "name": "Cube",
            "from": [ 14.400000005960464, 3.5999999940395355, 7.699999995529652 ], 
            "to": [ 16.900000043213367, 4.399999991059303, 9.0 ], 
            "faces": {
                "north": { "texture": "#3", "uv": [ 0.0, 0.0, 0.1, 0.1 ] },
                "east": { "texture": "#3", "uv": [ 0.0, 0.0, 0.1, 0.1 ] },
                "south": { "texture": "#3", "uv": [ 0.0, 0.0, 0.1, 0.1 ] },
                "west": { "texture": "#3", "uv": [ 0.0, 0.0, 0.1, 0.1 ] },
                "up": { "texture": "#3", "uv": [ 0.0, 0.0, 0.1, 0.1 ] },
                "down": { "texture": "#3", "uv": [ 0.0, 0.0, 0.1, 0.1 ] }
            }
        },
        {
            "name": "Cube",
            "from": [ 15.399999976158142, 4.799999997019768, 8.100000001490116 ], 
            "to": [ 24.399999976158142, 5.399999991059303, 8.599999994039536 ], 
            "faces": {
                "north": { "texture": "#3", "uv": [ 0.0, 0.0, 0.1, 0.1 ] },
                "east": { "texture": "#3", "uv": [ 0.0, 0.0, 0.1, 0.1 ] },
                "south": { "texture": "#3", "uv": [ 0.0, 0.0, 0.1, 0.1 ] },
                "west": { "texture": "#3", "uv": [ 0.0, 0.0, 0.1, 0.1 ] },
                "up": { "texture": "#3", "uv": [ 0.0, 0.0, 0.1, 0.1 ] },
                "down": { "texture": "#3", "uv": [ 0.0, 0.0, 0.1, 0.1 ] }
            }
        },
        {
            "name": "Cube",
            "from": [ 15.399999976158142, 4.699999995529652, 8.200000002980232 ], 
            "to": [ 24.399999976158142, 5.299999989569187, 8.699999995529652 ], 
            "rotation": { "origin": [ 8.0, 5.200000002980232, 8.50000000745058 ], "axis": "x", "angle": -45.0 },
            "faces": {
                "north": { "texture": "#3", "uv": [ 0.0, 0.0, 0.1, 0.1 ] },
                "east": { "texture": "#3", "uv": [ 0.0, 0.0, 0.1, 0.1 ] },
                "south": { "texture": "#3", "uv": [ 0.0, 0.0, 0.1, 0.1 ] },
                "west": { "texture": "#3", "uv": [ 0.0, 0.0, 0.1, 0.1 ] },
                "up": { "texture": "#3", "uv": [ 0.0, 0.0, 0.1, 0.1 ] },
                "down": { "texture": "#3", "uv": [ 0.0, 0.0, 0.1, 0.1 ] }
            }
        },
        {
            "name": "Cube",
            "from": [ 15.399999976158142, 4.699999995529652, 8.0 ], 
            "to": [ 24.399999976158142, 5.299999989569187, 8.49999999254942 ], 
            "rotation": { "origin": [ 7.899999998509884, 5.200000002980232, 8.200000002980232 ], "axis": "x", "angle": 45.0 },
            "faces": {
                "north": { "texture": "#3", "uv": [ 0.0, 0.0, 0.1, 0.1 ] },
                "east": { "texture": "#3", "uv": [ 0.0, 0.0, 0.1, 0.1 ] },
                "south": { "texture": "#3", "uv": [ 0.0, 0.0, 0.1, 0.1 ] },
                "west": { "texture": "#3", "uv": [ 0.0, 0.0, 0.1, 0.1 ] },
                "up": { "texture": "#3", "uv": [ 0.0, 0.0, 0.1, 0.1 ] },
                "down": { "texture": "#3", "uv": [ 0.0, 0.0, 0.1, 0.1 ] }
            }
        },
        {
            "name": "Cube",
            "from": [ 15.399999976158142, 4.199999988079071, 7.699999995529652 ], 
            "to": [ 24.399999976158142, 4.999999985098839, 9.0 ], 
            "faces": {
                "north": { "texture": "#3", "uv": [ 0.0, 0.0, 0.1, 0.1 ] },
                "east": { "texture": "#3", "uv": [ 0.0, 0.0, 0.1, 0.1 ] },
                "south": { "texture": "#3", "uv": [ 0.0, 0.0, 0.1, 0.1 ] },
                "west": { "texture": "#3", "uv": [ 0.0, 0.0, 0.1, 0.1 ] },
                "up": { "texture": "#3", "uv": [ 0.0, 0.0, 0.1, 0.1 ] },
                "down": { "texture": "#3", "uv": [ 0.0, 0.0, 0.1, 0.1 ] }
            }
        },
        {
            "name": "Cube",
            "from": [ 14.400000005960464, 3.5999999940395355, 7.699999995529652 ], 
            "to": [ 22.900000043213367, 4.399999991059303, 9.0 ], 
            "rotation": { "origin": [ 16.0, -1.0, 8.0 ], "axis": "z", "angle": -22.5 },
            "faces": {
                "north": { "texture": "#3", "uv": [ 0.0, 0.0, 0.1, 0.1 ] },
                "east": { "texture": "#3", "uv": [ 0.0, 0.0, 0.1, 0.1 ] },
                "south": { "texture": "#3", "uv": [ 0.0, 0.0, 0.1, 0.1 ] },
                "west": { "texture": "#3", "uv": [ 0.0, 0.0, 0.1, 0.1 ] },
                "up": { "texture": "#3", "uv": [ 0.0, 0.0, 0.1, 0.1 ] },
                "down": { "texture": "#3", "uv": [ 0.0, 0.0, 0.1, 0.1 ] }
            }
        },
        {
            "name": "Cube",
            "from": [ 22.799999967217445, 1.199999988079071, 7.699999995529652 ], 
            "to": [ 24.399999976158142, 1.9999999850988388, 9.0 ], 
            "faces": {
                "north": { "texture": "#3", "uv": [ 0.0, 0.0, 0.1, 0.1 ] },
                "east": { "texture": "#3", "uv": [ 0.0, 0.0, 0.1, 0.1 ] },
                "south": { "texture": "#3", "uv": [ 0.0, 0.0, 0.1, 0.1 ] },
                "west": { "texture": "#3", "uv": [ 0.0, 0.0, 0.1, 0.1 ] },
                "up": { "texture": "#3", "uv": [ 0.0, 0.0, 0.1, 0.1 ] },
                "down": { "texture": "#3", "uv": [ 0.0, 0.0, 0.1, 0.1 ] }
            }
        },
        {
            "name": "Cube",
            "from": [ 20.899999983608723, 1.9999999850988388, 7.699999995529652 ], 
            "to": [ 24.399999991059303, 2.7999999821186066, 9.0 ], 
            "faces": {
                "north": { "texture": "#3", "uv": [ 0.0, 0.0, 0.1, 0.1 ] },
                "east": { "texture": "#3", "uv": [ 0.0, 0.0, 0.1, 0.1 ] },
                "south": { "texture": "#3", "uv": [ 0.0, 0.0, 0.1, 0.1 ] },
                "west": { "texture": "#3", "uv": [ 0.0, 0.0, 0.1, 0.1 ] },
                "up": { "texture": "#3", "uv": [ 0.0, 0.0, 0.1, 0.1 ] },
                "down": { "texture": "#3", "uv": [ 0.0, 0.0, 0.1, 0.1 ] }
            }
        },
        {
            "name": "Cube",
            "from": [ 18.899999983608723, 2.7999999821186066, 7.699999995529652 ], 
            "to": [ 24.399999991059303, 3.5999999791383743, 9.0 ], 
            "faces": {
                "north": { "texture": "#3", "uv": [ 0.0, 0.0, 0.1, 0.1 ] },
                "east": { "texture": "#3", "uv": [ 0.0, 0.0, 0.1, 0.1 ] },
                "south": { "texture": "#3", "uv": [ 0.0, 0.0, 0.1, 0.1 ] },
                "west": { "texture": "#3", "uv": [ 0.0, 0.0, 0.1, 0.1 ] },
                "up": { "texture": "#3", "uv": [ 0.0, 0.0, 0.1, 0.1 ] },
                "down": { "texture": "#3", "uv": [ 0.0, 0.0, 0.1, 0.1 ] }
            }
        },
        {
            "name": "Cube",
            "from": [ 16.899999983608723, 3.5999999791383743, 7.699999995529652 ], 
            "to": [ 24.399999991059303, 4.399999976158142, 9.0 ], 
            "faces": {
                "north": { "texture": "#3", "uv": [ 0.0, 0.0, 0.1, 0.1 ] },
                "east": { "texture": "#3", "uv": [ 0.0, 0.0, 0.1, 0.1 ] },
                "south": { "texture": "#3", "uv": [ 0.0, 0.0, 0.1, 0.1 ] },
                "west": { "texture": "#3", "uv": [ 0.0, 0.0, 0.1, 0.1 ] },
                "up": { "texture": "#3", "uv": [ 0.0, 0.0, 0.1, 0.1 ] },
                "down": { "texture": "#3", "uv": [ 0.0, 0.0, 0.1, 0.1 ] }
            }
        },
        {
            "name": "Cube",
            "from": [ 14.399999991059303, 5.800000011920929, 8.0 ], 
            "to": [ 17.399999991059303, 6.500000007450581, 8.699999995529652 ], 
            "rotation": { "origin": [ 14.899999998509884, 5.300000004470348, 8.699999995529652 ], "axis": "z", "angle": -45.0 },
            "faces": {
                "north": { "texture": "#3", "uv": [ 0.0, 0.0, 12.800000011920929, 0.6999999955296516 ] },
                "east": { "texture": "#3", "uv": [ 0.0, 0.0, 0.6999999955296516, 0.6999999955296516 ] },
                "south": { "texture": "#3", "uv": [ 0.0, 0.0, 12.800000011920929, 0.6999999955296516 ] },
                "west": { "texture": "#3", "uv": [ 0.0, 0.0, 0.6999999955296516, 0.6999999955296516 ] },
                "up": { "texture": "#3", "uv": [ 0.0, 0.0, 12.800000011920929, 0.6999999955296516 ] },
                "down": { "texture": "#3", "uv": [ 0.0, 0.0, 12.800000011920929, 0.6999999955296516 ] }
            }
        },
        {
            "name": "Cube",
            "from": [ 14.399999991059303, 4.899999998509884, 7.699999995529652 ], 
            "to": [ 15.599999994039536, 5.799999997019768, 9.0 ], 
            "rotation": { "origin": [ 14.899999998509884, 4.600000008940697, 8.0 ], "axis": "z", "angle": -45.0 },
            "faces": {
                "north": { "texture": "#3", "uv": [ 0.0, 0.0, 0.1, 0.1 ] },
                "east": { "texture": "#3", "uv": [ 0.0, 0.0, 0.1, 0.1 ] },
                "south": { "texture": "#3", "uv": [ 0.0, 0.0, 0.1, 0.1 ] },
                "west": { "texture": "#3", "uv": [ 0.0, 0.0, 0.1, 0.1 ] },
                "up": { "texture": "#3", "uv": [ 0.0, 0.0, 0.1, 0.1 ] },
                "down": { "texture": "#3", "uv": [ 0.0, 0.0, 0.1, 0.1 ] }
            }
        },
        {
            "name": "Cube",
            "from": [ 12.399999991059303, 6.500000007450581, 8.0 ], 
            "to": [ 13.399999991059303, 6.699999995529652, 8.699999995529652 ], 
            "faces": {
                "north": { "texture": "#0", "uv": [ 0.0, 0.0, 0.1, 0.6999999955296516 ] },
                "east": { "texture": "#0", "uv": [ 0.0, 0.0, 0.6999999955296516, 0.6999999955296516 ] },
                "south": { "texture": "#0", "uv": [ 0.0, 0.0, 0.1, 0.6999999955296516 ] },
                "west": { "texture": "#0", "uv": [ 0.0, 0.0, 0.6999999955296516, 0.6999999955296516 ] },
                "up": { "texture": "#0", "uv": [ 0.0, 0.0, 0.1, 0.6999999955296516 ] },
                "down": { "texture": "#0", "uv": [ 0.0, 0.0, 12.800000011920929, 0.6999999955296516 ] }
            }
        },
        {
            "name": "Cube",
            "from": [ 12.399999991059303, 6.700000010430813, 8.100000001490116 ], 
            "to": [ 12.899999983608723, 6.899999998509884, 8.599999994039536 ], 
            "faces": {
                "north": { "texture": "#0", "uv": [ 0.0, 0.0, 0.1, 0.6999999955296516 ] },
                "east": { "texture": "#0", "uv": [ 0.0, 0.0, 0.6999999955296516, 0.6999999955296516 ] },
                "south": { "texture": "#0", "uv": [ 0.0, 0.0, 0.1, 0.6999999955296516 ] },
                "west": { "texture": "#0", "uv": [ 0.0, 0.0, 0.6999999955296516, 0.6999999955296516 ] },
                "up": { "texture": "#0", "uv": [ 0.0, 0.0, 0.1, 0.6999999955296516 ] },
                "down": { "texture": "#0", "uv": [ 0.0, 0.0, 12.800000011920929, 0.6999999955296516 ] }
            }
        },
        {
            "name": "Cube",
            "from": [ 12.399999991059303, 7.000000014901161, 8.100000001490116 ], 
            "to": [ 12.899999983608723, 7.200000002980232, 8.599999994039536 ], 
            "faces": {
                "north": { "texture": "#0", "uv": [ 0.0, 0.0, 0.1, 0.6999999955296516 ] },
                "east": { "texture": "#0", "uv": [ 0.0, 0.0, 0.6999999955296516, 0.6999999955296516 ] },
                "south": { "texture": "#0", "uv": [ 0.0, 0.0, 0.1, 0.6999999955296516 ] },
                "west": { "texture": "#0", "uv": [ 0.0, 0.0, 0.6999999955296516, 0.6999999955296516 ] },
                "up": { "texture": "#0", "uv": [ 0.0, 0.0, 0.1, 0.6999999955296516 ] },
                "down": { "texture": "#0", "uv": [ 0.0, 0.0, 12.800000011920929, 0.6999999955296516 ] }
            }
        },
        {
            "name": "Cube",
            "from": [ 12.399999991059303, 6.900000013411045, 8.100000001490116 ], 
            "to": [ 12.899999983608723, 7.0, 8.299999989569187 ], 
            "faces": {
                "north": { "texture": "#0", "uv": [ 0.0, 0.0, 0.1, 0.6999999955296516 ] },
                "east": { "texture": "#0", "uv": [ 0.0, 0.0, 0.6999999955296516, 0.6999999955296516 ] },
                "south": { "texture": "#0", "uv": [ 0.0, 0.0, 0.1, 0.6999999955296516 ] },
                "west": { "texture": "#0", "uv": [ 0.0, 0.0, 0.6999999955296516, 0.6999999955296516 ] },
                "up": { "texture": "#0", "uv": [ 0.0, 0.0, 12.800000011920929, 0.6999999955296516 ] },
                "down": { "texture": "#0", "uv": [ 0.0, 0.0, 12.800000011920929, 0.6999999955296516 ] }
            }
        },
        {
            "name": "Cube",
            "from": [ 12.399999991059303, 6.900000013411045, 8.400000005960464 ], 
            "to": [ 12.899999983608723, 7.0, 8.599999994039536 ], 
            "faces": {
                "north": { "texture": "#0", "uv": [ 0.0, 0.0, 0.1, 0.6999999955296516 ] },
                "east": { "texture": "#0", "uv": [ 0.0, 0.0, 0.6999999955296516, 0.6999999955296516 ] },
                "south": { "texture": "#0", "uv": [ 0.0, 0.0, 0.1, 0.6999999955296516 ] },
                "west": { "texture": "#0", "uv": [ 0.0, 0.0, 0.6999999955296516, 0.6999999955296516 ] },
                "up": { "texture": "#0", "uv": [ 0.0, 0.0, 12.800000011920929, 0.6999999955296516 ] },
                "down": { "texture": "#0", "uv": [ 0.0, 0.0, 12.800000011920929, 0.6999999955296516 ] }
            }
        },
        {
            "name": "Cube",
            "from": [ 12.699999995529652, 6.700000010430813, 8.0 ], 
            "to": [ 13.399999991059303, 7.0, 8.099999986588955 ], 
            "faces": {
                "north": { "texture": "#0", "uv": [ 0.0, 0.0, 0.1, 0.6999999955296516 ] },
                "east": { "texture": "#0", "uv": [ 0.0, 0.0, 0.6999999955296516, 0.6999999955296516 ] },
                "south": { "texture": "#0", "uv": [ 0.0, 0.0, 0.1, 0.6999999955296516 ] },
                "west": { "texture": "#0", "uv": [ 0.0, 0.0, 0.6999999955296516, 0.6999999955296516 ] },
                "up": { "texture": "#0", "uv": [ 0.0, 0.0, 0.1, 0.6999999955296516 ] },
                "down": { "texture": "#0", "uv": [ 0.0, 0.0, 12.800000011920929, 0.6999999955296516 ] }
            }
        },
        {
            "name": "Cube",
            "from": [ 12.699999995529652, 6.700000010430813, 8.600000008940697 ], 
            "to": [ 13.399999991059303, 7.0, 8.699999995529652 ], 
            "faces": {
                "north": { "texture": "#0", "uv": [ 0.0, 0.0, 0.1, 0.6999999955296516 ] },
                "east": { "texture": "#0", "uv": [ 0.0, 0.0, 0.6999999955296516, 0.6999999955296516 ] },
                "south": { "texture": "#0", "uv": [ 0.0, 0.0, 0.1, 0.6999999955296516 ] },
                "west": { "texture": "#0", "uv": [ 0.0, 0.0, 0.6999999955296516, 0.6999999955296516 ] },
                "up": { "texture": "#0", "uv": [ 0.0, 0.0, 0.1, 0.6999999955296516 ] },
                "down": { "texture": "#0", "uv": [ 0.0, 0.0, 12.800000011920929, 0.6999999955296516 ] }
            }
        },
        {
            "name": "Cube",
            "from": [ 9.599999979138374, 2.100000001490116, 8.100000001490116 ], 
            "to": [ 11.200000047683716, 2.299999989569187, 8.699999995529652 ], 
            "faces": {
                "north": { "texture": "#0", "uv": [ 0.0, 0.0, 0.1, 0.6999999955296516 ] },
                "east": { "texture": "#0", "uv": [ 0.0, 0.0, 0.6999999955296516, 0.6999999955296516 ] },
                "south": { "texture": "#0", "uv": [ 0.0, 0.0, 0.1, 0.6999999955296516 ] },
                "west": { "texture": "#0", "uv": [ 0.0, 0.0, 0.6999999955296516, 0.6999999955296516 ] },
                "up": { "texture": "#0", "uv": [ 0.0, 0.0, 0.1, 0.6999999955296516 ] },
                "down": { "texture": "#0", "uv": [ 0.0, 0.0, 0.1, 0.6999999955296516 ] }
            }
        },
        {
            "name": "Cube",
            "from": [ 9.399999976158142, 2.3000000044703484, 8.100000001490116 ], 
            "to": [ 9.600000038743019, 3.100000001490116, 8.699999995529652 ], 
            "faces": {
                "north": { "texture": "#0", "uv": [ 0.0, 0.0, 0.1, 0.6999999955296516 ] },
                "east": { "texture": "#0", "uv": [ 0.0, 0.0, 0.6999999955296516, 0.6999999955296516 ] },
                "south": { "texture": "#0", "uv": [ 0.0, 0.0, 0.1, 0.6999999955296516 ] },
                "west": { "texture": "#0", "uv": [ 0.0, 0.0, 0.6999999955296516, 0.6999999955296516 ] },
                "up": { "texture": "#0", "uv": [ 0.0, 0.0, 12.800000011920929, 0.6999999955296516 ] },
                "down": { "texture": "#0", "uv": [ 0.0, 0.0, 0.1, 0.6999999955296516 ] }
            }
        },
        {
            "name": "Cube",
            "from": [ 10.49999999254942, 2.3000000044703484, 8.300000004470348 ], 
            "to": [ 10.700000055134296, 3.1000000163912773, 8.49999999254942 ], 
            "rotation": { "origin": [ 10.800000011920929, 3.0, 8.0 ], "axis": "z", "angle": -22.5 },
            "faces": {
                "north": { "texture": "#0", "uv": [ 0.0, 0.0, 0.1, 0.6999999955296516 ] },
                "east": { "texture": "#0", "uv": [ 0.0, 0.0, 0.6999999955296516, 0.6999999955296516 ] },
                "south": { "texture": "#0", "uv": [ 0.0, 0.0, 0.1, 0.6999999955296516 ] },
                "west": { "texture": "#0", "uv": [ 0.0, 0.0, 0.6999999955296516, 0.6999999955296516 ] },
                "up": { "texture": "#0", "uv": [ 0.0, 0.0, 12.800000011920929, 0.6999999955296516 ] },
                "down": { "texture": "#0", "uv": [ 0.0, 0.0, 0.1, 0.6999999955296516 ] }
            }
        },
        {
            "name": "Cube",
            "from": [ 22.899999998509884, 3.5999999940395355, 7.699999995529652 ], 
            "to": [ 23.69999999552965, 4.399999991059303, 9.0 ], 
            "rotation": { "origin": [ 16.0, -1.0, 8.0 ], "axis": "z", "angle": -22.5 },
            "faces": {
                "north": { "texture": "#5", "uv": [ 0.0, 0.0, 0.1, 0.1 ] },
                "east": { "texture": "#5", "uv": [ 0.0, 0.0, 0.1, 0.1 ] },
                "south": { "texture": "#5", "uv": [ 0.0, 0.0, 0.1, 0.1 ] },
                "west": { "texture": "#5", "uv": [ 0.0, 0.0, 0.1, 0.1 ] },
                "up": { "texture": "#5", "uv": [ 0.0, 0.0, 0.1, 0.1 ] },
                "down": { "texture": "#5", "uv": [ 0.0, 0.0, 0.1, 0.1 ] }
            }
        },
        {
            "name": "Cube",
            "from": [ 24.399999976158142, 0.9999999850988388, 7.699999995529652 ], 
            "to": [ 25.19999998807907, 1.7999999821186066, 9.0 ], 
            "faces": {
                "north": { "texture": "#5", "uv": [ 0.0, 0.0, 0.1, 0.1 ] },
                "east": { "texture": "#5", "uv": [ 0.0, 0.0, 0.1, 0.1 ] },
                "south": { "texture": "#5", "uv": [ 0.0, 0.0, 0.1, 0.1 ] },
                "west": { "texture": "#5", "uv": [ 0.0, 0.0, 0.1, 0.1 ] },
                "up": { "texture": "#5", "uv": [ 0.0, 0.0, 0.1, 0.1 ] },
                "down": { "texture": "#5", "uv": [ 0.0, 0.0, 0.1, 0.1 ] }
            }
        },
        {
            "name": "Cube",
            "from": [ 24.399999991059303, 1.7999999821186066, 7.699999995529652 ], 
            "to": [ 25.199999991059304, 5.0, 9.0 ], 
            "faces": {
                "north": { "texture": "#5", "uv": [ 0.0, 0.0, 0.1, 0.1 ] },
                "east": { "texture": "#5", "uv": [ 0.0, 0.0, 0.1, 0.1 ] },
                "south": { "texture": "#5", "uv": [ 0.0, 0.0, 0.1, 0.1 ] },
                "west": { "texture": "#5", "uv": [ 0.0, 0.0, 0.1, 0.1 ] },
                "up": { "texture": "#5", "uv": [ 0.0, 0.0, 0.1, 0.1 ] },
                "down": { "texture": "#5", "uv": [ 0.0, 0.0, 0.1, 0.1 ] }
            }
        },
        {
            "name": "Cube",
            "from": [ 24.39999996125698, 4.699999995529652, 8.200000002980232 ], 
            "to": [ 25.19999996125698, 5.299999989569187, 8.699999995529652 ], 
            "rotation": { "origin": [ 8.0, 5.200000002980232, 8.50000000745058 ], "axis": "x", "angle": -45.0 },
            "faces": {
                "north": { "texture": "#5", "uv": [ 0.0, 0.0, 0.1, 0.1 ] },
                "east": { "texture": "#5", "uv": [ 0.0, 0.0, 0.1, 0.1 ] },
                "south": { "texture": "#5", "uv": [ 0.0, 0.0, 0.1, 0.1 ] },
                "west": { "texture": "#5", "uv": [ 0.0, 0.0, 0.1, 0.1 ] },
                "up": { "texture": "#5", "uv": [ 0.0, 0.0, 0.1, 0.1 ] },
                "down": { "texture": "#5", "uv": [ 0.0, 0.0, 0.1, 0.1 ] }
            }
        },
        {
            "name": "Cube",
            "from": [ 24.399999985098837, 4.699999995529652, 8.0 ], 
            "to": [ 25.199999985098838, 5.299999989569187, 8.49999999254942 ], 
            "rotation": { "origin": [ 7.899999998509884, 5.200000002980232, 8.200000002980232 ], "axis": "x", "angle": 45.0 },
            "faces": {
                "north": { "texture": "#5", "uv": [ 0.0, 0.0, 0.1, 0.1 ] },
                "east": { "texture": "#5", "uv": [ 0.0, 0.0, 0.1, 0.1 ] },
                "south": { "texture": "#5", "uv": [ 0.0, 0.0, 0.1, 0.1 ] },
                "west": { "texture": "#5", "uv": [ 0.0, 0.0, 0.1, 0.1 ] },
                "up": { "texture": "#5", "uv": [ 0.0, 0.0, 0.1, 0.1 ] },
                "down": { "texture": "#5", "uv": [ 0.0, 0.0, 0.1, 0.1 ] }
            }
        },
        {
            "name": "Cube",
            "from": [ 24.399999976158142, 4.799999997019768, 8.100000001490116 ], 
            "to": [ 25.199999976158143, 5.399999991059303, 8.599999994039536 ], 
            "faces": {
                "north": { "texture": "#5", "uv": [ 0.0, 0.0, 0.1, 0.1 ] },
                "east": { "texture": "#5", "uv": [ 0.0, 0.0, 0.1, 0.1 ] },
                "south": { "texture": "#5", "uv": [ 0.0, 0.0, 0.1, 0.1 ] },
                "west": { "texture": "#5", "uv": [ 0.0, 0.0, 0.1, 0.1 ] },
                "up": { "texture": "#5", "uv": [ 0.0, 0.0, 0.1, 0.1 ] },
                "down": { "texture": "#5", "uv": [ 0.0, 0.0, 0.1, 0.1 ] }
            }
        },
        {
            "name": "Cube",
            "from": [ 10.200000002980232, 3.5999999910593035, 8.000000014901161 ], 
            "to": [ 10.400000005960464, 3.7999999791383745, 8.800000011920929 ], 
            "faces": {
                "north": { "texture": "#6", "uv": [ 0.0, 0.0, 0.1, 0.1 ] },
                "east": { "texture": "#6", "uv": [ 0.0, 0.0, 0.1, 0.1 ] },
                "south": { "texture": "#6", "uv": [ 0.0, 0.0, 0.1, 0.1 ] },
                "west": { "texture": "#6", "uv": [ 0.0, 0.0, 0.1, 0.1 ] },
                "up": { "texture": "#6", "uv": [ 0.0, 0.0, 0.1, 0.1 ] },
                "down": { "texture": "#6", "uv": [ 0.0, 0.0, 0.1, 0.1 ] }
            }
        }
    ]
}