{
    "__comment": "Model generated using MrCrayfish's Model Creator (http://mrcrayfish.com/modelcreator/)",
    "textures": {
        "0": "blocks/grenades/incendiary"
    },
    "elements": [
        {
            "name": "Element",
            "from": [ 6.0, 4.0, 6.0 ], 
            "to": [ 10.0, 13.5, 10.0 ], 
            "faces": {
                "north": { "texture": "#0", "uv": [ 0.0, 0.0, 2.0, 2.0 ] },
                "east": { "texture": "#0", "uv": [ 4.5, 1.5, 9.0, 14.0 ] },
                "south": { "texture": "#0", "uv": [ 0.0, 1.5, 4.5, 14.0 ] },
                "west": { "texture": "#0", "uv": [ 0.0, 0.0, 2.0, 2.0 ] },
                "up": { "texture": "#0", "uv": [ 0.0, 0.0, 0.5, 0.5 ] },
                "down": { "texture": "#0", "uv": [ 0.0, 0.0, 0.5, 0.5 ] }
            }
        },
        {
            "name": "Element",
            "from": [ 7.0, 13.5, 7.0 ], 
            "to": [ 9.0, 15.5, 9.0 ], 
            "faces": {
                "north": { "texture": "#0", "uv": [ 12.0, 0.5, 14.0, 2.5 ] },
                "east": { "texture": "#0", "uv": [ 11.5, 0.5, 13.5, 2.5 ] },
                "south": { "texture": "#0", "uv": [ 12.0, 0.5, 14.0, 2.5 ] },
                "west": { "texture": "#0", "uv": [ 11.5, 0.5, 13.5, 2.5 ] },
                "up": { "texture": "#0", "uv": [ 12.5, 1.0, 14.5, 3.0 ] },
                "down": { "texture": "#0", "uv": [ 12.5, 1.0, 14.5, 3.0 ] }
            }
        },
        {
            "name": "Element",
            "from": [ 8.5, 15.0, 7.0 ], 
            "to": [ 9.5, 15.5, 9.0 ], 
            "faces": {
                "north": { "texture": "#0", "uv": [ 12.0, 0.5, 14.0, 2.5 ] },
                "east": { "texture": "#0", "uv": [ 11.5, 0.5, 13.5, 2.5 ] },
                "south": { "texture": "#0", "uv": [ 12.0, 0.5, 14.0, 2.5 ] },
                "west": { "texture": "#0", "uv": [ 11.5, 0.5, 13.5, 2.5 ] },
                "up": { "texture": "#0", "uv": [ 12.5, 1.0, 14.5, 3.0 ] },
                "down": { "texture": "#0", "uv": [ 12.5, 1.0, 14.5, 3.0 ] }
            }
        },
        {
            "name": "Element",
            "from": [ 9.5, 15.0, 7.0 ], 
            "to": [ 12.0, 15.5, 9.0 ], 
            "rotation": { "origin": [ 9.5, 15.5, 7.0 ], "axis": "z", "angle": -45.0 },
            "faces": {
                "north": { "texture": "#0", "uv": [ 12.0, 0.5, 14.0, 2.5 ] },
                "east": { "texture": "#0", "uv": [ 11.5, 0.5, 13.5, 2.5 ] },
                "south": { "texture": "#0", "uv": [ 12.0, 0.5, 14.0, 2.5 ] },
                "west": { "texture": "#0", "uv": [ 11.5, 0.5, 13.5, 2.5 ] },
                "up": { "texture": "#0", "uv": [ 12.5, 1.0, 14.5, 3.0 ] },
                "down": { "texture": "#0", "uv": [ 12.5, 1.0, 14.5, 3.0 ] }
            }
        },
        {
            "name": "Element",
            "from": [ 10.8125, 7.25, 7.5 ], 
            "to": [ 11.3125, 13.75, 8.5 ], 
            "faces": {
                "north": { "texture": "#0", "uv": [ 12.0, 0.5, 14.0, 2.5 ] },
                "east": { "texture": "#0", "uv": [ 11.5, 0.5, 13.5, 2.5 ] },
                "south": { "texture": "#0", "uv": [ 12.0, 0.5, 14.0, 2.5 ] },
                "west": { "texture": "#0", "uv": [ 11.5, 0.5, 13.5, 2.5 ] },
                "up": { "texture": "#0", "uv": [ 12.5, 1.0, 14.5, 3.0 ] },
                "down": { "texture": "#0", "uv": [ 12.5, 1.0, 14.5, 3.0 ] }
            }
        },
        {
            "name": "Element",
            "from": [ 10.3125, 6.875, 7.5 ], 
            "to": [ 11.3125, 7.375, 8.5 ], 
            "faces": {
                "north": { "texture": "#0", "uv": [ 12.0, 0.5, 14.0, 2.5 ] },
                "east": { "texture": "#0", "uv": [ 11.5, 0.5, 13.5, 2.5 ] },
                "south": { "texture": "#0", "uv": [ 12.0, 0.5, 14.0, 2.5 ] },
                "west": { "texture": "#0", "uv": [ 11.5, 0.5, 13.5, 2.5 ] },
                "up": { "texture": "#0", "uv": [ 12.5, 1.0, 14.5, 3.0 ] },
                "down": { "texture": "#0", "uv": [ 12.5, 1.0, 14.5, 3.0 ] }
            }
        },
        {
            "name": "Element",
            "from": [ 6.5, 15.0, 7.0 ], 
            "to": [ 7.0, 15.5, 9.0 ], 
            "faces": {
                "north": { "texture": "#0", "uv": [ 12.0, 0.5, 14.0, 2.5 ] },
                "east": { "texture": "#0", "uv": [ 11.5, 0.5, 13.5, 2.5 ] },
                "south": { "texture": "#0", "uv": [ 12.0, 0.5, 14.0, 2.5 ] },
                "west": { "texture": "#0", "uv": [ 11.5, 0.5, 13.5, 2.5 ] },
                "up": { "texture": "#0", "uv": [ 12.5, 1.0, 14.5, 3.0 ] },
                "down": { "texture": "#0", "uv": [ 12.5, 1.0, 14.5, 3.0 ] }
            }
        }
    ]
}