{
    "__comment": "Model generated using MrCrayfish's Model Creator (http://mrcrayfish.com/modelcreator/)",
    "textures": {
        "0": "blocks/anvil_base",
        "1": "blocks/hardened_clay_stained_gray",
        "2": "blocks/planks_big_oak",
        "3": "blocks/wool_colored_black"
    },
    "elements": [
        {
            "name": "Cube",
            "from": [ -8.0, 7.0, 7.0 ], 
            "to": [ 4.0, 7.699999995529652, 7.699999995529652 ], 
            "faces": {
                "north": { "texture": "#0", "uv": [ 0.0, 0.0, 0.1, 0.6999999955296516 ] },
                "east": { "texture": "#0", "uv": [ 0.0, 0.0, 0.6999999955296516, 0.6999999955296516 ] },
                "south": { "texture": "#0", "uv": [ 0.0, 0.0, 0.1, 0.6999999955296516 ] },
                "west": { "texture": "#0", "uv": [ 0.0, 0.0, 0.6999999955296516, 0.6999999955296516 ] },
                "up": { "texture": "#0", "uv": [ 0.0, 0.0, 0.1, 0.6999999955296516 ] },
                "down": { "texture": "#0", "uv": [ 0.0, 0.0, 0.1, 0.6999999955296516 ] }
            }
        },
        {
            "name": "Cube",
            "from": [ -9.0, 6.799999997019768, 6.799999997019768 ], 
            "to": [ -7.0, 7.899999998509884, 7.899999998509884 ], 
            "faces": {
                "north": { "texture": "#0", "uv": [ 0.0, 0.0, 1.0, 0.10000000149011612 ] },
                "east": { "texture": "#0", "uv": [ 0.0, 0.0, 1.1000000014901161, 1.1000000014901161 ] },
                "south": { "texture": "#0", "uv": [ 0.0, 0.0, 1.0, 0.10000000149011612 ] },
                "west": { "texture": "#0", "uv": [ 0.0, 0.0, 1.1000000014901161, 1.1000000014901161 ] },
                "up": { "texture": "#0", "uv": [ 0.0, 0.0, 1.0, 0.10000000149011612 ] },
                "down": { "texture": "#0", "uv": [ 0.0, 0.0, 1.0, 0.10000000149011612 ] }
            }
        },
        {
            "name": "Cube",
            "from": [ 3.100000001490116, 6.199999988079071, 6.699999995529652 ], 
            "to": [ 5.100000001490116, 7.899999998509884, 8.0 ], 
            "faces": {
                "north": { "texture": "#1", "uv": [ 0.0, 0.0, 1.0, 0.7000000104308128 ] },
                "east": { "texture": "#1", "uv": [ 0.0, 0.0, 0.30000000447034836, 0.7000000104308128 ] },
                "south": { "texture": "#1", "uv": [ 0.0, 0.0, 1.0, 0.7000000104308128 ] },
                "west": { "texture": "#1", "uv": [ 0.0, 0.0, 0.30000000447034836, 0.7000000104308128 ] },
                "up": { "texture": "#1", "uv": [ 0.0, 0.0, 1.0, 0.30000000447034836 ] },
                "down": { "texture": "#1", "uv": [ 0.0, 0.0, 1.0, 0.30000000447034836 ] }
            }
        },
        {
            "name": "Cube",
            "from": [ -4.0, 6.199999988079071, 6.699999995529652 ], 
            "to": [ 3.0, 7.5999999940395355, 8.0 ], 
            "faces": {
                "north": { "texture": "#2", "uv": [ 0.0, 0.0, 0.1, 0.1 ] },
                "east": { "texture": "#2", "uv": [ 0.0, 0.0, 0.1, 0.1 ] },
                "south": { "texture": "#2", "uv": [ 0.0, 0.0, 0.1, 0.1 ] },
                "west": { "texture": "#2", "uv": [ 0.0, 0.0, 0.1, 0.1 ] },
                "up": { "texture": "#2", "uv": [ 0.0, 0.0, 0.1, 0.1 ] },
                "down": { "texture": "#2", "uv": [ 0.0, 0.0, 0.1, 0.1 ] }
            }
        },
        {
            "name": "Cube",
            "from": [ 5.099999986588955, 7.199999988079071, 6.499999992549419 ], 
            "to": [ 7.099999986588955, 7.899999998509884, 8.200000002980232 ], 
            "faces": {
                "north": { "texture": "#1", "uv": [ 0.0, 0.0, 1.0, 0.7000000104308128 ] },
                "east": { "texture": "#1", "uv": [ 0.0, 0.0, 0.7000000104308128, 0.7000000104308128 ] },
                "south": { "texture": "#1", "uv": [ 0.0, 0.0, 1.0, 0.7000000104308128 ] },
                "west": { "texture": "#1", "uv": [ 0.0, 0.0, 0.7000000104308128, 0.7000000104308128 ] },
                "up": { "texture": "#1", "uv": [ 0.0, 0.0, 1.0, 0.7000000104308128 ] },
                "down": { "texture": "#1", "uv": [ 0.0, 0.0, 1.0, 0.7000000104308128 ] }
            }
        },
        {
            "name": "Cube",
            "from": [ 5.099999986588955, 0.3999999910593033, 6.799999997019768 ], 
            "to": [ 7.099999986588955, 7.200000002980232, 7.899999998509884 ], 
            "faces": {
                "north": { "texture": "#0", "uv": [ 6.0, 6.0, 6.1, 6.1 ] },
                "east": { "texture": "#0", "uv": [ 6.0, 6.0, 6.1, 6.1 ] },
                "south": { "texture": "#0", "uv": [ 6.0, 6.0, 6.1, 6.1 ] },
                "west": { "texture": "#0", "uv": [ 6.0, 6.0, 6.1, 6.18 ] },
                "up": { "texture": "#0", "uv": [ 0.0, 0.0, 2.0, 1.1000000014901161 ] },
                "down": { "texture": "#0", "uv": [ 6.0, 6.0, 6.1, 6.1 ] }
            }
        },
        {
            "name": "Cube",
            "from": [ 7.100000001490116, 6.199999988079071, 6.5999999940395355 ], 
            "to": [ 15.100000001490116, 7.899999998509884, 8.100000001490116 ], 
            "faces": {
                "north": { "texture": "#1", "uv": [ 0.0, 0.0, 0.1, 0.1 ] },
                "east": { "texture": "#1", "uv": [ 0.0, 0.0, 0.1, 0.1 ] },
                "south": { "texture": "#1", "uv": [ 0.0, 0.0, 0.1, 0.1 ] },
                "west": { "texture": "#1", "uv": [ 0.0, 0.0, 1.5000000074505806, 1.7000000104308128 ] },
                "up": { "texture": "#1", "uv": [ 0.0, 0.0, 0.1, 0.15 ] },
                "down": { "texture": "#1", "uv": [ 0.0, 0.0, 0.1, 0.1 ] }
            }
        },
        {
            "name": "Cube",
            "from": [ 7.100000001490116, 4.699999995529652, 7.100000001490116 ], 
            "to": [ 7.299999989569187, 6.200000002980232, 7.699999995529652 ], 
            "faces": {
                "north": { "texture": "#0", "uv": [ 0.0, 0.0, 0.19999998807907104, 1.5000000074505806 ] },
                "east": { "texture": "#0", "uv": [ 0.0, 0.0, 0.5999999940395355, 1.5000000074505806 ] },
                "south": { "texture": "#0", "uv": [ 0.0, 0.0, 0.19999998807907104, 1.5000000074505806 ] },
                "west": { "texture": "#0", "uv": [ 0.0, 0.0, 0.5999999940395355, 1.5000000074505806 ] },
                "up": { "texture": "#0", "uv": [ 0.0, 0.0, 0.19999998807907104, 0.5999999940395355 ] },
                "down": { "texture": "#0", "uv": [ 0.0, 0.0, 0.19999998807907104, 0.5999999940395355 ] }
            }
        },
        {
            "name": "Cube",
            "from": [ 9.30000001937151, 4.699999995529652, 7.100000001490116 ], 
            "to": [ 9.50000000745058, 6.200000002980232, 7.699999995529652 ], 
            "faces": {
                "north": { "texture": "#0", "uv": [ 0.0, 0.0, 0.19999998807907104, 1.5000000074505806 ] },
                "east": { "texture": "#0", "uv": [ 0.0, 0.0, 0.5999999940395355, 1.5000000074505806 ] },
                "south": { "texture": "#0", "uv": [ 0.0, 0.0, 0.19999998807907104, 1.5000000074505806 ] },
                "west": { "texture": "#0", "uv": [ 0.0, 0.0, 0.5999999940395355, 1.5000000074505806 ] },
                "up": { "texture": "#0", "uv": [ 0.0, 0.0, 0.19999998807907104, 0.5999999940395355 ] },
                "down": { "texture": "#0", "uv": [ 0.0, 0.0, 0.19999998807907104, 0.5999999940395355 ] }
            }
        },
        {
            "name": "Cube",
            "from": [ 7.100000016391277, 4.500000007450581, 7.100000001490116 ], 
            "to": [ 9.50000000745058, 4.700000010430813, 7.699999995529652 ], 
            "faces": {
                "north": { "texture": "#0", "uv": [ 0.0, 0.0, 2.3999999910593033, 0.20000000298023224 ] },
                "east": { "texture": "#0", "uv": [ 0.0, 0.0, 0.5999999940395355, 0.20000000298023224 ] },
                "south": { "texture": "#0", "uv": [ 0.0, 0.0, 2.3999999910593033, 0.20000000298023224 ] },
                "west": { "texture": "#0", "uv": [ 0.0, 0.0, 0.5999999940395355, 0.20000000298023224 ] },
                "up": { "texture": "#0", "uv": [ 0.0, 0.0, 2.3999999910593033, 0.5999999940395355 ] },
                "down": { "texture": "#0", "uv": [ 0.0, 0.0, 2.3999999910593033, 0.5999999940395355 ] }
            }
        },
        {
            "name": "Cube",
            "from": [ 9.400000005960464, 5.4000000059604645, 6.699999995529652 ], 
            "to": [ 14.400000005960464, 6.200000002980232, 8.0 ], 
            "faces": {
                "north": { "texture": "#0", "uv": [ 0.0, 0.0, 5.0, 0.7999999970197678 ] },
                "east": { "texture": "#0", "uv": [ 0.0, 0.0, 1.3000000044703484, 0.7999999970197678 ] },
                "south": { "texture": "#0", "uv": [ 0.0, 0.0, 5.0, 0.7999999970197678 ] },
                "west": { "texture": "#0", "uv": [ 0.0, 0.0, 1.3000000044703484, 0.7999999970197678 ] },
                "up": { "texture": "#0", "uv": [ 0.0, 0.0, 5.0, 1.3000000044703484 ] },
                "down": { "texture": "#0", "uv": [ 0.0, 0.0, 5.0, 1.3000000044703484 ] }
            }
        },
        {
            "name": "Cube",
            "from": [ 8.399999976158142, 1.0, 6.799999997019768 ], 
            "to": [ 10.399999976158142, 5.100000001490116, 7.899999998509884 ], 
            "rotation": { "origin": [ 8.0, 8.0, 8.0 ], "axis": "z", "angle": 22.5 },
            "faces": {
                "north": { "texture": "#2", "uv": [ 0.0, 0.0, 0.1, 0.1 ] },
                "east": { "texture": "#2", "uv": [ 0.0, 0.0, 0.11, 0.1 ] },
                "south": { "texture": "#2", "uv": [ 0.0, 0.0, 0.1, 0.1 ] },
                "west": { "texture": "#2", "uv": [ 0.0, 0.0, 0.1, 0.1 ] },
                "up": { "texture": "#2", "uv": [ 0.0, 0.0, 2.0, 1.1000000014901161 ] },
                "down": { "texture": "#2", "uv": [ 0.0, 0.0, 2.0, 1.1000000014901161 ] }
            }
        },
        {
            "name": "Cube",
            "from": [ 14.400000005960464, 5.4000000059604645, 6.699999995529652 ], 
            "to": [ 15.400000005960464, 6.200000002980232, 8.0 ], 
            "faces": {
                "north": { "texture": "#2", "uv": [ 0.0, 0.0, 1.0, 0.7999999970197678 ] },
                "east": { "texture": "#2", "uv": [ 0.0, 0.0, 1.3000000044703484, 0.7999999970197678 ] },
                "south": { "texture": "#2", "uv": [ 0.0, 0.0, 1.0, 0.7999999970197678 ] },
                "west": { "texture": "#2", "uv": [ 0.0, 0.0, 1.3000000044703484, 0.7999999970197678 ] },
                "up": { "texture": "#2", "uv": [ 0.0, 0.0, 1.0, 1.3000000044703484 ] },
                "down": { "texture": "#2", "uv": [ 0.0, 0.0, 1.0, 1.3000000044703484 ] }
            }
        },
        {
            "name": "Cube",
            "from": [ 15.399999991059303, 5.4000000059604645, 6.699999995529652 ], 
            "to": [ 23.399999991059303, 6.300000004470348, 8.0 ], 
            "rotation": { "origin": [ 15.300000004470348, 6.899999983608723, 8.0 ], "axis": "z", "angle": -22.5 },
            "faces": {
                "north": { "texture": "#2", "uv": [ 0.0, 0.0, 0.1, 0.8999999985098839 ] },
                "east": { "texture": "#2", "uv": [ 0.0, 0.0, 0.1, 0.19 ] },
                "south": { "texture": "#2", "uv": [ 0.0, 0.0, 0.1, 0.1 ] },
                "west": { "texture": "#2", "uv": [ 0.0, 0.0, 1.3000000044703484, 0.8999999985098839 ] },
                "up": { "texture": "#2", "uv": [ 0.0, 0.0, 8.0, 1.3000000044703484 ] },
                "down": { "texture": "#2", "uv": [ 0.0, 0.0, 0.1, 0.1 ] }
            }
        },
        {
            "name": "Cube",
            "from": [ 15.399999991059303, 5.300000004470348, 6.699999995529652 ], 
            "to": [ 24.399999991059303, 6.200000002980232, 8.0 ], 
            "faces": {
                "north": { "texture": "#2", "uv": [ 0.0, 0.0, 0.1, 0.19 ] },
                "east": { "texture": "#2", "uv": [ 0.0, 0.0, 0.1, 0.8999999985098839 ] },
                "south": { "texture": "#2", "uv": [ 0.0, 0.0, 0.1, 0.1 ] },
                "west": { "texture": "#2", "uv": [ 0.0, 0.0, 1.3000000044703484, 0.8999999985098839 ] },
                "up": { "texture": "#2", "uv": [ 0.0, 0.0, 0.1, 0.1 ] },
                "down": { "texture": "#2", "uv": [ 0.0, 0.0, 9.0, 1.3000000044703484 ] }
            }
        },
        {
            "name": "Cube",
            "from": [ 22.099999986588955, 2.3000000044703484, 6.699999995529652 ], 
            "to": [ 24.399999976158142, 5.300000034272671, 8.0 ], 
            "faces": {
                "north": { "texture": "#2", "uv": [ 0.0, 0.0, 0.1, 0.1 ] },
                "east": { "texture": "#2", "uv": [ 0.0, 0.0, 0.1, 1.0000000298023224 ] },
                "south": { "texture": "#2", "uv": [ 0.0, 0.0, 0.1, 0.1 ] },
                "west": { "texture": "#2", "uv": [ 0.0, 0.0, 1.3000000044703484, 3.0000000298023224 ] },
                "up": { "texture": "#2", "uv": [ 0.0, 0.0, 2.299999989569187, 1.3000000044703484 ] },
                "down": { "texture": "#2", "uv": [ 0.0, 0.0, 0.1, 0.1 ] }
            }
        },
        {
            "name": "Cube",
            "from": [ 20.799999997019768, 3.3000000044703484, 6.699999995529652 ], 
            "to": [ 22.099999986588955, 5.300000034272671, 8.0 ], 
            "faces": {
                "north": { "texture": "#2", "uv": [ 0.0, 0.0, 0.29999998956918716, 1.0000000298023224 ] },
                "east": { "texture": "#2", "uv": [ 0.0, 0.0, 1.3000000044703484, 2.0000000298023224 ] },
                "south": { "texture": "#2", "uv": [ 0.0, 0.0, 0.29999998956918716, 1.0000000298023224 ] },
                "west": { "texture": "#2", "uv": [ 0.0, 0.0, 1.3000000044703484, 2.0000000298023224 ] },
                "up": { "texture": "#2", "uv": [ 0.0, 0.0, 1.2999999895691872, 1.3000000044703484 ] },
                "down": { "texture": "#2", "uv": [ 0.0, 0.0, 1.2999999895691872, 1.3000000044703484 ] }
            }
        },
        {
            "name": "Cube",
            "from": [ 19.49999999254942, 3.8999999940395353, 6.699999995529652 ], 
            "to": [ 20.799999982118607, 5.300000029802322, 8.0 ], 
            "faces": {
                "north": { "texture": "#2", "uv": [ 0.0, 0.0, 0.29999998956918716, 0.40000003576278687 ] },
                "east": { "texture": "#2", "uv": [ 0.0, 0.0, 1.3000000044703484, 1.4000000357627869 ] },
                "south": { "texture": "#2", "uv": [ 0.0, 0.0, 0.29999998956918716, 0.40000003576278687 ] },
                "west": { "texture": "#2", "uv": [ 0.0, 0.0, 1.3000000044703484, 1.4000000357627869 ] },
                "up": { "texture": "#2", "uv": [ 0.0, 0.0, 1.2999999895691872, 1.3000000044703484 ] },
                "down": { "texture": "#2", "uv": [ 0.0, 0.0, 1.2999999895691872, 1.3000000044703484 ] }
            }
        },
        {
            "name": "Cube",
            "from": [ 17.599999994039536, 4.400000001490116, 6.699999995529652 ], 
            "to": [ 19.49999999254942, 5.300000029802322, 8.0 ], 
            "faces": {
                "north": { "texture": "#2", "uv": [ 0.0, 0.0, 0.8999999985098839, 0.9000000283122063 ] },
                "east": { "texture": "#2", "uv": [ 0.0, 0.0, 1.3000000044703484, 0.9000000283122063 ] },
                "south": { "texture": "#2", "uv": [ 0.0, 0.0, 0.8999999985098839, 0.9000000283122063 ] },
                "west": { "texture": "#2", "uv": [ 0.0, 0.0, 1.3000000044703484, 0.9000000283122063 ] },
                "up": { "texture": "#2", "uv": [ 0.0, 0.0, 1.8999999985098839, 1.3000000044703484 ] },
                "down": { "texture": "#2", "uv": [ 0.0, 0.0, 1.8999999985098839, 1.3000000044703484 ] }
            }
        },
        {
            "name": "Cube",
            "from": [ 8.80000002682209, 5.399999991059303, 7.100000001490116 ], 
            "to": [ 9.000000014901161, 6.300000004470348, 7.699999995529652 ], 
            "faces": {
                "north": { "texture": "#0", "uv": [ 0.0, 0.0, 0.19999998807907104, 0.9000000134110451 ] },
                "east": { "texture": "#0", "uv": [ 0.0, 0.0, 0.5999999940395355, 0.9000000134110451 ] },
                "south": { "texture": "#0", "uv": [ 0.0, 0.0, 0.19999998807907104, 0.9000000134110451 ] },
                "west": { "texture": "#0", "uv": [ 0.0, 0.0, 0.5999999940395355, 0.9000000134110451 ] },
                "up": { "texture": "#0", "uv": [ 0.0, 0.0, 0.19999998807907104, 0.5999999940395355 ] },
                "down": { "texture": "#0", "uv": [ 0.0, 0.0, 0.19999998807907104, 0.5999999940395355 ] }
            }
        },
        {
            "name": "Cube",
            "from": [ 8.80000002682209, 5.799999997019768, 7.100000001490116 ], 
            "to": [ 9.000000014901161, 6.200000002980232, 7.699999995529652 ], 
            "rotation": { "origin": [ 7.099999986588955, 5.8999999687075615, 8.0 ], "axis": "z", "angle": -22.5 },
            "faces": {
                "north": { "texture": "#0", "uv": [ 0.0, 0.0, 0.19999998807907104, 0.4000000059604645 ] },
                "east": { "texture": "#0", "uv": [ 0.0, 0.0, 0.5999999940395355, 0.4000000059604645 ] },
                "south": { "texture": "#0", "uv": [ 0.0, 0.0, 0.19999998807907104, 0.4000000059604645 ] },
                "west": { "texture": "#0", "uv": [ 0.0, 0.0, 0.5999999940395355, 0.4000000059604645 ] },
                "up": { "texture": "#0", "uv": [ 0.0, 0.0, 0.19999998807907104, 0.5999999940395355 ] },
                "down": { "texture": "#0", "uv": [ 0.0, 0.0, 0.19999998807907104, 0.5999999940395355 ] }
            }
        },
        {
            "name": "Cube",
            "from": [ 12.099999986588955, 8.199999988079071, 7.600000008940697 ], 
            "to": [ 13.099999986588955, 8.899999998509884, 8.000000014901161 ], 
            "rotation": { "origin": [ 13.49999999254942, 8.0, 8.0 ], "axis": "z", "angle": 45.0 },
            "faces": {
                "north": { "texture": "#0", "uv": [ 0.0, 0.0, 1.0, 0.7000000104308128 ] },
                "east": { "texture": "#0", "uv": [ 0.0, 0.0, 0.4000000059604645, 0.7000000104308128 ] },
                "south": { "texture": "#0", "uv": [ 0.0, 0.0, 1.0, 0.7000000104308128 ] },
                "west": { "texture": "#0", "uv": [ 0.0, 0.0, 0.4000000059604645, 0.7000000104308128 ] },
                "up": { "texture": "#0", "uv": [ 0.0, 0.0, 1.0, 0.4000000059604645 ] },
                "down": { "texture": "#0", "uv": [ 0.0, 0.0, 1.0, 0.4000000059604645 ] }
            }
        },
        {
            "name": "Cube",
            "from": [ 12.099999986588955, 8.199999988079071, 6.699999995529652 ], 
            "to": [ 13.099999986588955, 8.899999998509884, 7.100000001490116 ], 
            "rotation": { "origin": [ 13.49999999254942, 8.0, 8.0 ], "axis": "z", "angle": 45.0 },
            "faces": {
                "north": { "texture": "#0", "uv": [ 0.0, 0.0, 1.0, 0.7000000104308128 ] },
                "east": { "texture": "#0", "uv": [ 0.0, 0.0, 0.4000000059604645, 0.7000000104308128 ] },
                "south": { "texture": "#0", "uv": [ 0.0, 0.0, 1.0, 0.7000000104308128 ] },
                "west": { "texture": "#0", "uv": [ 0.0, 0.0, 0.4000000059604645, 0.7000000104308128 ] },
                "up": { "texture": "#0", "uv": [ 0.0, 0.0, 1.0, 0.4000000059604645 ] },
                "down": { "texture": "#0", "uv": [ 0.0, 0.0, 1.0, 0.4000000059604645 ] }
            }
        },
        {
            "name": "Cube",
            "from": [ 12.49999999254942, 7.899999983608723, 7.300000004470348 ], 
            "to": [ 12.69999998062849, 8.200000002980232, 7.4000000059604645 ], 
            "faces": {
                "north": { "texture": "#0", "uv": [ 0.0, 0.0, 0.19999998807907104, 0.30000001937150955 ] },
                "east": { "texture": "#0", "uv": [ 0.0, 0.0, 0.10000000149011612, 0.30000001937150955 ] },
                "south": { "texture": "#0", "uv": [ 0.0, 0.0, 0.19999998807907104, 0.30000001937150955 ] },
                "west": { "texture": "#0", "uv": [ 0.0, 0.0, 0.10000000149011612, 0.30000001937150955 ] },
                "up": { "texture": "#0", "uv": [ 0.0, 0.0, 0.19999998807907104, 0.10000000149011612 ] },
                "down": { "texture": "#0", "uv": [ 0.0, 0.0, 0.19999998807907104, 0.10000000149011612 ] }
            }
        },
        {
            "name": "Cube",
            "from": [ -7.900000013411045, 7.899999983608723, 7.300000004470348 ], 
            "to": [ -7.700000025331974, 8.300000004470348, 7.4000000059604645 ], 
            "faces": {
                "north": { "texture": "#0", "uv": [ 0.0, 0.0, 0.19999998807907104, 0.40000002086162567 ] },
                "east": { "texture": "#0", "uv": [ 0.0, 0.0, 0.10000000149011612, 0.40000002086162567 ] },
                "south": { "texture": "#0", "uv": [ 0.0, 0.0, 0.19999998807907104, 0.40000002086162567 ] },
                "west": { "texture": "#0", "uv": [ 0.0, 0.0, 0.10000000149011612, 0.40000002086162567 ] },
                "up": { "texture": "#0", "uv": [ 0.0, 0.0, 0.19999998807907104, 0.10000000149011612 ] },
                "down": { "texture": "#0", "uv": [ 0.0, 0.0, 0.19999998807907104, 0.10000000149011612 ] }
            }
        },
        {
            "name": "Cube",
            "from": [ 8.49999999254942, 6.899999983608723, 6.500000022351742 ], 
            "to": [ 11.69999998062849, 7.200000002980232, 6.600000023841858 ], 
            "faces": {
                "north": { "texture": "#3", "uv": [ 0.0, 0.0, 0.19999998807907104, 0.30000001937150955 ] },
                "east": { "texture": "#3", "uv": [ 0.0, 0.0, 0.10000000149011612, 0.30000001937150955 ] },
                "south": { "texture": "#3", "uv": [ 0.0, 0.0, 0.19999998807907104, 0.30000001937150955 ] },
                "west": { "texture": "#3", "uv": [ 0.0, 0.0, 0.10000000149011612, 0.30000001937150955 ] },
                "up": { "texture": "#3", "uv": [ 0.0, 0.0, 0.19999998807907104, 0.10000000149011612 ] },
                "down": { "texture": "#3", "uv": [ 0.0, 0.0, 0.19999998807907104, 0.10000000149011612 ] }
            }
        },
        {
            "name": "Cube",
            "from": [ 8.199999988079071, 6.899999983608723, 5.9000000432133675 ], 
            "to": [ 8.499999989569186, 7.200000002980232, 6.700000055134296 ], 
            "faces": {
                "north": { "texture": "#0", "uv": [ 0.0, 0.0, 0.19999998807907104, 0.30000001937150955 ] },
                "east": { "texture": "#0", "uv": [ 0.0, 0.0, 0.10000000149011612, 0.30000001937150955 ] },
                "south": { "texture": "#0", "uv": [ 0.0, 0.0, 0.19999998807907104, 0.30000001937150955 ] },
                "west": { "texture": "#0", "uv": [ 0.0, 0.0, 0.10000000149011612, 0.30000001937150955 ] },
                "up": { "texture": "#0", "uv": [ 0.0, 0.0, 0.19999998807907104, 0.10000000149011612 ] },
                "down": { "texture": "#0", "uv": [ 0.0, 0.0, 0.19999998807907104, 0.10000000149011612 ] }
            }
        }
    ]
}