{
    "__comment": "Model generated using MrCrayfish's Model Creator (http://mrcrayfish.com/modelcreator/)",
    "textures": {
        "0": "blocks/wool_colored_black",
        "1": "blocks/cauldron_bottom",
        "2": "blocks/hardened_clay_stained_black"
    },
    "elements": [
        {
            "name": "Cube",
            "from": [ 1.0, 5.699999995529652, 7.0 ], 
            "to": [ 11.0, 7.0, 8.50000000745058 ], 
            "faces": {
                "north": { "texture": "#0", "uv": [ 0.0, 0.0, 0.1, 0.1 ] },
                "east": { "texture": "#0", "uv": [ 0.0, 0.0, 0.1, 0.1 ] },
                "south": { "texture": "#0", "uv": [ 0.0, 0.0, 0.1, 0.1 ] },
                "west": { "texture": "#0", "uv": [ 0.0, 0.0, 0.1, 0.1 ] },
                "up": { "texture": "#0", "uv": [ 0.0, 0.0, 0.1, 0.1 ] },
                "down": { "texture": "#0", "uv": [ 0.0, 0.0, 0.1, 0.1 ] }
            }
        },
        {
            "name": "Cube",
            "from": [ 1.0, 6.0, 7.300000004470348 ], 
            "to": [ 10.799999997019768, 6.699999995529652, 8.50000000745058 ], 
            "rotation": { "origin": [ 8.0, 6.499999977648258, 7.299999989569187 ], "axis": "x", "angle": -45.0 },
            "faces": {
                "north": { "texture": "#0", "uv": [ 0.0, 0.0, 0.1, 0.1 ] },
                "east": { "texture": "#0", "uv": [ 0.0, 0.0, 0.1, 0.1 ] },
                "south": { "texture": "#0", "uv": [ 0.0, 0.0, 0.1, 0.1 ] },
                "west": { "texture": "#0", "uv": [ 0.0, 0.0, 0.1, 0.1 ] },
                "up": { "texture": "#0", "uv": [ 0.0, 0.0, 0.1, 0.1 ] },
                "down": { "texture": "#0", "uv": [ 0.0, 0.0, 0.1, 0.1 ] }
            }
        },
        {
            "name": "Cube",
            "from": [ 1.0, 6.0, 7.300000004470348 ], 
            "to": [ 10.799999997019768, 6.699999995529652, 8.50000000745058 ], 
            "rotation": { "origin": [ 8.0, 6.8999999687075615, 8.400000005960464 ], "axis": "x", "angle": 45.0 },
            "faces": {
                "north": { "texture": "#0", "uv": [ 0.0, 0.0, 0.1, 0.1 ] },
                "east": { "texture": "#0", "uv": [ 0.0, 0.0, 0.1, 0.1 ] },
                "south": { "texture": "#0", "uv": [ 0.0, 0.0, 0.1, 0.1 ] },
                "west": { "texture": "#0", "uv": [ 0.0, 0.0, 0.1, 0.1 ] },
                "up": { "texture": "#0", "uv": [ 0.0, 0.0, 0.1, 0.1 ] },
                "down": { "texture": "#0", "uv": [ 0.0, 0.0, 0.1, 0.1 ] }
            }
        },
        {
            "name": "Cube",
            "from": [ 1.0, 6.0, 7.500000007450581 ], 
            "to": [ 10.799999997019768, 7.499999992549419, 8.000000014901161 ], 
            "faces": {
                "north": { "texture": "#0", "uv": [ 0.0, 0.0, 0.1, 0.1 ] },
                "east": { "texture": "#0", "uv": [ 0.0, 0.0, 0.1, 0.1 ] },
                "south": { "texture": "#0", "uv": [ 0.0, 0.0, 0.1, 0.1 ] },
                "west": { "texture": "#0", "uv": [ 0.0, 0.0, 0.1, 0.1 ] },
                "up": { "texture": "#0", "uv": [ 0.0, 0.0, 0.1, 0.1 ] },
                "down": { "texture": "#0", "uv": [ 0.0, 0.0, 0.1, 0.1 ] }
            }
        },
        {
            "name": "Cube",
            "from": [ 0.6000000089406967, 6.500000007450581, 7.4000000059604645 ], 
            "to": [ 2.700000010430813, 7.199999988079071, 8.100000016391277 ], 
            "faces": {
                "north": { "texture": "#1", "uv": [ 0.0, 0.0, 0.1, 0.1 ] },
                "east": { "texture": "#1", "uv": [ 0.0, 0.0, 0.1, 0.1 ] },
                "south": { "texture": "#1", "uv": [ 0.0, 0.0, 0.1, 0.1 ] },
                "west": { "texture": "#1", "uv": [ 0.0, 0.0, 0.1, 0.1 ] },
                "up": { "texture": "#1", "uv": [ 0.0, 0.0, 0.1, 0.1 ] },
                "down": { "texture": "#1", "uv": [ 0.0, 0.0, 0.1, 0.1 ] }
            }
        },
        {
            "name": "Cube",
            "from": [ 0.800000011920929, 5.799999997019768, 7.500000007450581 ], 
            "to": [ 2.800000011920929, 6.299999974668026, 8.000000014901161 ], 
            "faces": {
                "north": { "texture": "#1", "uv": [ 0.0, 0.0, 0.1, 0.1 ] },
                "east": { "texture": "#1", "uv": [ 0.0, 0.0, 0.1, 0.1 ] },
                "south": { "texture": "#1", "uv": [ 0.0, 0.0, 0.1, 0.1 ] },
                "west": { "texture": "#1", "uv": [ 0.0, 0.0, 0.1, 0.1 ] },
                "up": { "texture": "#1", "uv": [ 0.0, 0.0, 0.1, 0.1 ] },
                "down": { "texture": "#1", "uv": [ 0.0, 0.0, 0.1, 0.1 ] }
            }
        },
        {
            "name": "Cube",
            "from": [ 3.0, 5.399999991059303, 7.0 ], 
            "to": [ 11.0, 5.699999995529652, 8.50000000745058 ], 
            "faces": {
                "north": { "texture": "#0", "uv": [ 0.0, 0.0, 0.1, 0.1 ] },
                "east": { "texture": "#0", "uv": [ 0.0, 0.0, 0.1, 0.1 ] },
                "south": { "texture": "#0", "uv": [ 0.0, 0.0, 0.1, 0.1 ] },
                "west": { "texture": "#0", "uv": [ 0.0, 0.0, 0.1, 0.1 ] },
                "up": { "texture": "#0", "uv": [ 0.0, 0.0, 0.1, 0.1 ] },
                "down": { "texture": "#0", "uv": [ 0.0, 0.0, 0.1, 0.1 ] }
            }
        },
        {
            "name": "Cube",
            "from": [ 6.0, 5.100000001490116, 7.0 ], 
            "to": [ 12.0, 6.400000020861626, 8.50000000745058 ], 
            "faces": {
                "north": { "texture": "#0", "uv": [ 0.0, 0.0, 0.1, 0.1 ] },
                "east": { "texture": "#0", "uv": [ 0.0, 0.0, 0.1, 0.1 ] },
                "south": { "texture": "#0", "uv": [ 0.0, 0.0, 0.1, 0.1 ] },
                "west": { "texture": "#0", "uv": [ 0.0, 0.0, 0.1, 0.1 ] },
                "up": { "texture": "#0", "uv": [ 0.0, 0.0, 0.1, 0.1 ] },
                "down": { "texture": "#0", "uv": [ 0.0, 0.0, 0.1, 0.1 ] }
            }
        },
        {
            "name": "Cube",
            "from": [ 8.0, 4.100000001490116, 7.300000004470348 ], 
            "to": [ 11.400000005960464, 5.100000001490116, 8.200000002980232 ], 
            "faces": {
                "north": { "texture": "#0", "uv": [ 0.0, 0.0, 0.1, 0.1 ] },
                "east": { "texture": "#0", "uv": [ 0.0, 0.0, 0.1, 0.1 ] },
                "south": { "texture": "#0", "uv": [ 0.0, 0.0, 0.1, 0.1 ] },
                "west": { "texture": "#0", "uv": [ 0.0, 0.0, 0.1, 0.1 ] },
                "up": { "texture": "#0", "uv": [ 0.0, 0.0, 0.1, 0.1 ] },
                "down": { "texture": "#0", "uv": [ 0.0, 0.0, 0.1, 0.1 ] }
            }
        },
        {
            "name": "Cube",
            "from": [ 8.299999989569187, 4.300000004470348, 7.100000001490116 ], 
            "to": [ 11.100000001490116, 5.100000016391277, 8.400000005960464 ], 
            "faces": {
                "north": { "texture": "#2", "uv": [ 0.0, 0.0, 0.1, 0.1 ] },
                "east": { "texture": "#2", "uv": [ 0.0, 0.0, 0.1, 0.1 ] },
                "south": { "texture": "#2", "uv": [ 0.0, 0.0, 0.1, 0.1 ] },
                "west": { "texture": "#2", "uv": [ 0.0, 0.0, 0.1, 0.1 ] },
                "up": { "texture": "#2", "uv": [ 0.0, 0.0, 0.1, 0.1 ] },
                "down": { "texture": "#2", "uv": [ 0.0, 0.0, 0.1, 0.1 ] }
            }
        },
        {
            "name": "Cube",
            "from": [ 11.900000013411045, 5.199999988079071, 7.0 ], 
            "to": [ 13.50000000745058, 6.899999998509884, 8.50000000745058 ], 
            "rotation": { "origin": [ 12.100000001490116, 8.50000000745058, 8.0 ], "axis": "z", "angle": -45.0 },
            "faces": {
                "north": { "texture": "#0", "uv": [ 0.0, 0.0, 0.1, 0.1 ] },
                "east": { "texture": "#0", "uv": [ 0.0, 0.0, 0.1, 0.1 ] },
                "south": { "texture": "#0", "uv": [ 0.0, 0.0, 0.1, 0.1 ] },
                "west": { "texture": "#0", "uv": [ 0.0, 0.0, 0.1, 0.1 ] },
                "up": { "texture": "#0", "uv": [ 0.0, 0.0, 0.1, 0.1 ] },
                "down": { "texture": "#0", "uv": [ 0.0, 0.0, 0.1, 0.1 ] }
            }
        },
        {
            "name": "Cube",
            "from": [ 12.400000020861626, 5.499999992549419, 7.500000007450581 ], 
            "to": [ 13.100000001490116, 7.300000004470348, 7.799999997019768 ], 
            "rotation": { "origin": [ 12.100000001490116, 8.50000000745058, 8.0 ], "axis": "z", "angle": -45.0 },
            "faces": {
                "north": { "texture": "#1", "uv": [ 0.0, 0.0, 0.1, 0.1 ] },
                "east": { "texture": "#1", "uv": [ 0.0, 0.0, 0.1, 0.1 ] },
                "south": { "texture": "#1", "uv": [ 0.0, 0.0, 0.1, 0.1 ] },
                "west": { "texture": "#1", "uv": [ 0.0, 0.0, 0.1, 0.1 ] },
                "up": { "texture": "#1", "uv": [ 0.0, 0.0, 0.1, 0.1 ] },
                "down": { "texture": "#1", "uv": [ 0.0, 0.0, 0.1, 0.1 ] }
            }
        },
        {
            "name": "Cube",
            "from": [ 8.300000004470348, 2.7999999970197678, 7.300000004470348 ], 
            "to": [ 11.600000008940697, 4.100000001490116, 8.200000002980232 ], 
            "faces": {
                "north": { "texture": "#0", "uv": [ 0.0, 0.0, 0.1, 0.1 ] },
                "east": { "texture": "#0", "uv": [ 0.0, 0.0, 0.1, 0.1 ] },
                "south": { "texture": "#0", "uv": [ 0.0, 0.0, 0.1, 0.1 ] },
                "west": { "texture": "#0", "uv": [ 0.0, 0.0, 0.1, 0.1 ] },
                "up": { "texture": "#0", "uv": [ 0.0, 0.0, 0.1, 0.1 ] },
                "down": { "texture": "#0", "uv": [ 0.0, 0.0, 0.1, 0.1 ] }
            }
        },
        {
            "name": "Cube",
            "from": [ 8.400000005960464, 1.4999999925494194, 7.300000004470348 ], 
            "to": [ 11.700000010430813, 2.7999999970197678, 8.200000002980232 ], 
            "faces": {
                "north": { "texture": "#0", "uv": [ 0.0, 0.0, 0.1, 0.1 ] },
                "east": { "texture": "#0", "uv": [ 0.0, 0.0, 0.1, 0.1 ] },
                "south": { "texture": "#0", "uv": [ 0.0, 0.0, 0.1, 0.1 ] },
                "west": { "texture": "#0", "uv": [ 0.0, 0.0, 0.1, 0.1 ] },
                "up": { "texture": "#0", "uv": [ 0.0, 0.0, 0.1, 0.1 ] },
                "down": { "texture": "#0", "uv": [ 0.0, 0.0, 0.1, 0.1 ] }
            }
        },
        {
            "name": "Cube",
            "from": [ 8.50000000745058, 1.0000000149011612, 7.300000004470348 ], 
            "to": [ 11.800000011920929, 1.5000000223517418, 8.200000002980232 ], 
            "faces": {
                "north": { "texture": "#0", "uv": [ 0.0, 0.0, 0.1, 0.1 ] },
                "east": { "texture": "#0", "uv": [ 0.0, 0.0, 0.1, 0.1 ] },
                "south": { "texture": "#0", "uv": [ 0.0, 0.0, 0.1, 0.1 ] },
                "west": { "texture": "#0", "uv": [ 0.0, 0.0, 0.1, 0.1 ] },
                "up": { "texture": "#0", "uv": [ 0.0, 0.0, 0.1, 0.1 ] },
                "down": { "texture": "#0", "uv": [ 0.0, 0.0, 0.1, 0.1 ] }
            }
        },
        {
            "name": "Cube",
            "from": [ 8.49999999254942, 3.5000000074505806, 7.100000001490116 ], 
            "to": [ 11.200000002980232, 4.3000000193715096, 8.400000005960464 ], 
            "faces": {
                "north": { "texture": "#2", "uv": [ 0.0, 0.0, 0.1, 0.1 ] },
                "east": { "texture": "#2", "uv": [ 0.0, 0.0, 0.1, 0.1 ] },
                "south": { "texture": "#2", "uv": [ 0.0, 0.0, 0.1, 0.1 ] },
                "west": { "texture": "#2", "uv": [ 0.0, 0.0, 0.1, 0.1 ] },
                "up": { "texture": "#2", "uv": [ 0.0, 0.0, 0.1, 0.1 ] },
                "down": { "texture": "#2", "uv": [ 0.0, 0.0, 0.1, 0.1 ] }
            }
        },
        {
            "name": "Cube",
            "from": [ 8.49999999254942, 3.000000014901161, 7.100000001490116 ], 
            "to": [ 11.400000005960464, 4.000000029802322, 8.400000005960464 ], 
            "faces": {
                "north": { "texture": "#2", "uv": [ 0.0, 0.0, 0.1, 0.1 ] },
                "east": { "texture": "#2", "uv": [ 0.0, 0.0, 0.1, 0.1 ] },
                "south": { "texture": "#2", "uv": [ 0.0, 0.0, 0.1, 0.1 ] },
                "west": { "texture": "#2", "uv": [ 0.0, 0.0, 0.1, 0.1 ] },
                "up": { "texture": "#2", "uv": [ 0.0, 0.0, 0.1, 0.1 ] },
                "down": { "texture": "#2", "uv": [ 0.0, 0.0, 0.1, 0.1 ] }
            }
        },
        {
            "name": "Cube",
            "from": [ 8.599999994039536, 2.000000014901161, 7.100000001490116 ], 
            "to": [ 11.50000000745058, 3.0000000298023224, 8.400000005960464 ], 
            "faces": {
                "north": { "texture": "#2", "uv": [ 0.0, 0.0, 0.1, 0.1 ] },
                "east": { "texture": "#2", "uv": [ 0.0, 0.0, 0.1, 0.1 ] },
                "south": { "texture": "#2", "uv": [ 0.0, 0.0, 0.1, 0.1 ] },
                "west": { "texture": "#2", "uv": [ 0.0, 0.0, 0.1, 0.1 ] },
                "up": { "texture": "#2", "uv": [ 0.0, 0.0, 0.1, 0.1 ] },
                "down": { "texture": "#2", "uv": [ 0.0, 0.0, 0.1, 0.1 ] }
            }
        },
        {
            "name": "Cube",
            "from": [ 8.699999995529652, 1.0000000149011612, 7.100000001490116 ], 
            "to": [ 11.50000000745058, 2.0000000298023224, 8.400000005960464 ], 
            "faces": {
                "north": { "texture": "#2", "uv": [ 0.0, 0.0, 0.1, 0.1 ] },
                "east": { "texture": "#2", "uv": [ 0.0, 0.0, 0.1, 0.1 ] },
                "south": { "texture": "#2", "uv": [ 0.0, 0.0, 0.1, 0.1 ] },
                "west": { "texture": "#2", "uv": [ 0.0, 0.0, 0.1, 0.1 ] },
                "up": { "texture": "#2", "uv": [ 0.0, 0.0, 0.1, 0.1 ] },
                "down": { "texture": "#2", "uv": [ 0.0, 0.0, 0.1, 0.1 ] }
            }
        },
        {
            "name": "Cube",
            "from": [ 5.800000011920929, 3.000000014901161, 7.4000000059604645 ], 
            "to": [ 8.400000020861626, 3.299999989569187, 8.100000016391277 ], 
            "faces": {
                "north": { "texture": "#1", "uv": [ 0.0, 0.0, 0.1, 0.1 ] },
                "east": { "texture": "#1", "uv": [ 0.0, 0.0, 0.1, 0.1 ] },
                "south": { "texture": "#1", "uv": [ 0.0, 0.0, 0.1, 0.1 ] },
                "west": { "texture": "#1", "uv": [ 0.0, 0.0, 0.1, 0.1 ] },
                "up": { "texture": "#1", "uv": [ 0.0, 0.0, 0.1, 0.1 ] },
                "down": { "texture": "#1", "uv": [ 0.0, 0.0, 0.1, 0.1 ] }
            }
        },
        {
            "name": "Cube",
            "from": [ 5.500000022351742, 3.3000000193715096, 7.4000000059604645 ], 
            "to": [ 5.80000002682209, 4.200000002980232, 8.100000016391277 ], 
            "faces": {
                "north": { "texture": "#1", "uv": [ 0.0, 0.0, 0.1, 0.1 ] },
                "east": { "texture": "#1", "uv": [ 0.0, 0.0, 0.1, 0.1 ] },
                "south": { "texture": "#1", "uv": [ 0.0, 0.0, 0.1, 0.1 ] },
                "west": { "texture": "#1", "uv": [ 0.0, 0.0, 0.1, 0.1 ] },
                "up": { "texture": "#1", "uv": [ 0.0, 0.0, 0.1, 0.1 ] },
                "down": { "texture": "#1", "uv": [ 0.0, 0.0, 0.1, 0.1 ] }
            }
        },
        {
            "name": "Cube",
            "from": [ 5.3000000193715096, 4.200000032782555, 7.4000000059604645 ], 
            "to": [ 5.600000023841858, 5.600000023841858, 8.100000016391277 ], 
            "faces": {
                "north": { "texture": "#1", "uv": [ 0.0, 0.0, 0.1, 0.1 ] },
                "east": { "texture": "#1", "uv": [ 0.0, 0.0, 0.1, 0.1 ] },
                "south": { "texture": "#1", "uv": [ 0.0, 0.0, 0.1, 0.1 ] },
                "west": { "texture": "#1", "uv": [ 0.0, 0.0, 0.1, 0.1 ] },
                "up": { "texture": "#1", "uv": [ 0.0, 0.0, 0.1, 0.1 ] },
                "down": { "texture": "#1", "uv": [ 0.0, 0.0, 0.1, 0.1 ] }
            }
        },
        {
            "name": "Cube",
            "from": [ 7.400000020861626, 3.500000022351742, 7.600000008940697 ], 
            "to": [ 8.700000025331974, 5.100000016391277, 7.900000013411045 ], 
            "faces": {
                "north": { "texture": "#1", "uv": [ 0.0, 0.0, 0.1, 0.1 ] },
                "east": { "texture": "#1", "uv": [ 0.0, 0.0, 0.1, 0.1 ] },
                "south": { "texture": "#1", "uv": [ 0.0, 0.0, 0.1, 0.1 ] },
                "west": { "texture": "#1", "uv": [ 0.0, 0.0, 0.1, 0.1 ] },
                "up": { "texture": "#1", "uv": [ 0.0, 0.0, 0.1, 0.1 ] },
                "down": { "texture": "#1", "uv": [ 0.0, 0.0, 0.1, 0.1 ] }
            }
        }
    ]
}