{
    "__comment": "Model generated using MrCrayfish's Model Creator (http://mrcrayfish.com/modelcreator/)",
    "textures": {
        "0": "blocks/cauldron_bottom",
        "1": "blocks/hardened_clay_stained_gray",
        "2": "blocks/anvil_base",
        "3": "blocks/planks_big_oak"
    },
    "elements": [
        {
            "name": "Cube",
            "from": [ -15.899999998509884, 5.0, 7.0 ], 
            "to": [ -10.899999998509884, 5.499999992549419, 7.499999992549419 ], 
            "shade": false,
            "faces": {
                "north": { "texture": "#0", "uv": [ 0.0, 0.0, 0.1, 0.1 ] },
                "east": { "texture": "#0", "uv": [ 0.0, 0.0, 0.1, 0.1 ] },
                "south": { "texture": "#0", "uv": [ 0.0, 0.0, 0.1, 0.1 ] },
                "west": { "texture": "#0", "uv": [ 0.0, 0.0, 0.1, 0.1 ] },
                "up": { "texture": "#0", "uv": [ 0.0, 0.0, 0.1, 0.1 ] },
                "down": { "texture": "#0", "uv": [ 0.0, 0.0, 0.1, 0.1 ] }
            }
        },
        {
            "name": "Cube",
            "from": [ -13.899999998509884, 4.399999991059303, 7.100000001490116 ], 
            "to": [ -9.899999998509884, 4.599999979138374, 7.299999989569187 ], 
            "shade": false,
            "faces": {
                "north": { "texture": "#1", "uv": [ 0.0, 0.0, 0.1, 0.1 ] },
                "east": { "texture": "#1", "uv": [ 0.0, 0.0, 0.1, 0.1 ] },
                "south": { "texture": "#1", "uv": [ 0.0, 0.0, 0.1, 0.1 ] },
                "west": { "texture": "#1", "uv": [ 0.0, 0.0, 0.1, 0.1 ] },
                "up": { "texture": "#1", "uv": [ 0.0, 0.0, 0.1, 0.1 ] },
                "down": { "texture": "#1", "uv": [ 0.0, 0.0, 0.1, 0.1 ] }
            }
        },
        {
            "name": "Cube",
            "from": [ -11.899999998509884, 4.5999999940395355, 7.100000001490116 ], 
            "to": [ -10.899999998509884, 4.999999985098839, 7.399999991059303 ], 
            "shade": false,
            "faces": {
                "north": { "texture": "#2", "uv": [ 0.0, 0.0, 0.1, 0.1 ] },
                "east": { "texture": "#2", "uv": [ 0.0, 0.0, 0.1, 0.1 ] },
                "south": { "texture": "#2", "uv": [ 0.0, 0.0, 0.1, 0.1 ] },
                "west": { "texture": "#2", "uv": [ 0.0, 0.0, 0.1, 0.1 ] },
                "up": { "texture": "#2", "uv": [ 0.0, 0.0, 0.1, 0.1 ] },
                "down": { "texture": "#2", "uv": [ 0.0, 0.0, 0.1, 0.1 ] }
            }
        },
        {
            "name": "Cube",
            "from": [ -10.899999998509884, 4.799999997019768, 5.000000014901161 ], 
            "to": [ -7.5999999940395355, 5.399999991059303, 6.4000000059604645 ], 
            "shade": false,
            "rotation": { "origin": [ 8.0, 6.999999985098839, 6.600000008940697 ], "axis": "x", "angle": -45.0 },
            "faces": {
                "north": { "texture": "#3", "uv": [ 0.0, 0.0, 0.1, 0.1 ] },
                "east": { "texture": "#3", "uv": [ 0.0, 0.0, 0.1, 0.1 ] },
                "south": { "texture": "#3", "uv": [ 0.0, 0.0, 0.1, 0.1 ] },
                "west": { "texture": "#3", "uv": [ 0.0, 0.0, 0.1, 0.1 ] },
                "up": { "texture": "#3", "uv": [ 0.0, 0.0, 0.1, 0.1 ] },
                "down": { "texture": "#3", "uv": [ 0.0, 0.0, 0.1, 0.1 ] }
            }
        },
        {
            "name": "Cube",
            "from": [ -10.899999998509884, 5.0, 4.900000013411045 ], 
            "to": [ -7.5999999940395355, 5.5999999940395355, 6.300000004470348 ], 
            "shade": false,
            "rotation": { "origin": [ 8.0, 3.099999986588955, 6.100000001490116 ], "axis": "x", "angle": 45.0 },
            "faces": {
                "north": { "texture": "#3", "uv": [ 0.0, 0.0, 0.1, 0.1 ] },
                "east": { "texture": "#3", "uv": [ 0.0, 0.0, 0.1, 0.1 ] },
                "south": { "texture": "#3", "uv": [ 0.0, 0.0, 0.1, 0.1 ] },
                "west": { "texture": "#3", "uv": [ 0.0, 0.0, 0.1, 0.1 ] },
                "up": { "texture": "#3", "uv": [ 0.0, 0.0, 0.1, 0.1 ] },
                "down": { "texture": "#3", "uv": [ 0.0, 0.0, 0.1, 0.1 ] }
            }
        },
        {
            "name": "Cube",
            "from": [ -10.899999998509884, 4.699999995529652, 6.600000023841858 ], 
            "to": [ -7.5999999940395355, 5.299999989569187, 8.000000014901161 ], 
            "shade": false,
            "faces": {
                "north": { "texture": "#3", "uv": [ 0.0, 0.0, 0.1, 0.1 ] },
                "east": { "texture": "#3", "uv": [ 0.0, 0.0, 0.1, 0.1 ] },
                "south": { "texture": "#3", "uv": [ 0.0, 0.0, 0.1, 0.1 ] },
                "west": { "texture": "#3", "uv": [ 0.0, 0.0, 0.1, 0.1 ] },
                "up": { "texture": "#3", "uv": [ 0.0, 0.0, 0.1, 0.1 ] },
                "down": { "texture": "#3", "uv": [ 0.0, 0.0, 0.1, 0.1 ] }
            }
        },
        {
            "name": "Cube",
            "from": [ -10.899999998509884, 4.299999989569187, 7.000000029802322 ], 
            "to": [ -7.5999999940395355, 5.6999999806284904, 7.600000023841858 ], 
            "shade": false,
            "faces": {
                "north": { "texture": "#3", "uv": [ 0.0, 0.0, 0.1, 0.1 ] },
                "east": { "texture": "#3", "uv": [ 0.0, 0.0, 0.1, 0.1 ] },
                "south": { "texture": "#3", "uv": [ 0.0, 0.0, 0.1, 0.1 ] },
                "west": { "texture": "#3", "uv": [ 0.0, 0.0, 0.1, 0.1 ] },
                "up": { "texture": "#3", "uv": [ 0.0, 0.0, 0.1, 0.1 ] },
                "down": { "texture": "#3", "uv": [ 0.0, 0.0, 0.1, 0.1 ] }
            }
        },
        {
            "name": "Cube",
            "from": [ -7.5999999940395355, 5.0, 4.900000013411045 ], 
            "to": [ -7.399999991059303, 5.5999999940395355, 6.300000004470348 ], 
            "shade": false,
            "rotation": { "origin": [ 8.0, 3.099999986588955, 6.100000001490116 ], "axis": "x", "angle": 45.0 },
            "faces": {
                "north": { "texture": "#0", "uv": [ 0.0, 0.0, 0.1, 0.1 ] },
                "east": { "texture": "#0", "uv": [ 0.0, 0.0, 0.1, 0.1 ] },
                "south": { "texture": "#0", "uv": [ 0.0, 0.0, 0.1, 0.1 ] },
                "west": { "texture": "#0", "uv": [ 0.0, 0.0, 0.1, 0.1 ] },
                "up": { "texture": "#0", "uv": [ 0.0, 0.0, 0.1, 0.1 ] },
                "down": { "texture": "#0", "uv": [ 0.0, 0.0, 0.1, 0.1 ] }
            }
        },
        {
            "name": "Cube",
            "from": [ -7.600000008940697, 4.299999989569187, 7.000000029802322 ], 
            "to": [ -7.4000000059604645, 5.6999999806284904, 7.600000023841858 ], 
            "shade": false,
            "faces": {
                "north": { "texture": "#0", "uv": [ 0.0, 0.0, 0.1, 0.1 ] },
                "east": { "texture": "#0", "uv": [ 0.0, 0.0, 0.1, 0.1 ] },
                "south": { "texture": "#0", "uv": [ 0.0, 0.0, 0.1, 0.1 ] },
                "west": { "texture": "#0", "uv": [ 0.0, 0.0, 0.1, 0.1 ] },
                "up": { "texture": "#0", "uv": [ 0.0, 0.0, 0.1, 0.1 ] },
                "down": { "texture": "#0", "uv": [ 0.0, 0.0, 0.1, 0.1 ] }
            }
        },
        {
            "name": "Cube",
            "from": [ -7.600000008940697, 4.799999997019768, 5.000000014901161 ], 
            "to": [ -7.4000000059604645, 5.399999991059303, 6.4000000059604645 ], 
            "shade": false,
            "rotation": { "origin": [ 8.0, 6.999999985098839, 6.600000008940697 ], "axis": "x", "angle": -45.0 },
            "faces": {
                "north": { "texture": "#0", "uv": [ 0.0, 0.0, 0.1, 0.1 ] },
                "east": { "texture": "#0", "uv": [ 0.0, 0.0, 0.1, 0.1 ] },
                "south": { "texture": "#0", "uv": [ 0.0, 0.0, 0.1, 0.1 ] },
                "west": { "texture": "#0", "uv": [ 0.0, 0.0, 0.1, 0.1 ] },
                "up": { "texture": "#0", "uv": [ 0.0, 0.0, 0.1, 0.1 ] },
                "down": { "texture": "#0", "uv": [ 0.0, 0.0, 0.1, 0.1 ] }
            }
        },
        {
            "name": "Cube",
            "from": [ -7.600000008940697, 4.699999995529652, 6.600000023841858 ], 
            "to": [ -7.4000000059604645, 5.299999989569187, 8.000000014901161 ], 
            "shade": false,
            "faces": {
                "north": { "texture": "#0", "uv": [ 0.0, 0.0, 0.1, 0.1 ] },
                "east": { "texture": "#0", "uv": [ 0.0, 0.0, 0.1, 0.1 ] },
                "south": { "texture": "#0", "uv": [ 0.0, 0.0, 0.1, 0.1 ] },
                "west": { "texture": "#0", "uv": [ 0.0, 0.0, 0.1, 0.1 ] },
                "up": { "texture": "#0", "uv": [ 0.0, 0.0, 0.1, 0.1 ] },
                "down": { "texture": "#0", "uv": [ 0.0, 0.0, 0.1, 0.1 ] }
            }
        },
        {
            "name": "Cube",
            "from": [ -7.4000000059604645, 4.799999997019768, 5.000000014901161 ], 
            "to": [ 1.8999999985098839, 5.399999991059303, 6.4000000059604645 ], 
            "shade": false,
            "rotation": { "origin": [ 8.0, 6.999999985098839, 6.600000008940697 ], "axis": "x", "angle": -45.0 },
            "faces": {
                "north": { "texture": "#3", "uv": [ 0.0, 0.0, 0.1, 0.1 ] },
                "east": { "texture": "#3", "uv": [ 0.0, 0.0, 0.1, 0.1 ] },
                "south": { "texture": "#3", "uv": [ 0.0, 0.0, 0.1, 0.1 ] },
                "west": { "texture": "#3", "uv": [ 0.0, 0.0, 0.1, 0.1 ] },
                "up": { "texture": "#3", "uv": [ 0.0, 0.0, 0.1, 0.1 ] },
                "down": { "texture": "#3", "uv": [ 0.0, 0.0, 0.1, 0.1 ] }
            }
        },
        {
            "name": "Cube",
            "from": [ -7.4000000059604645, 4.699999995529652, 6.600000023841858 ], 
            "to": [ 1.8999999985098839, 5.299999989569187, 8.000000014901161 ], 
            "shade": false,
            "faces": {
                "north": { "texture": "#3", "uv": [ 0.0, 0.0, 0.1, 0.1 ] },
                "east": { "texture": "#3", "uv": [ 0.0, 0.0, 0.1, 0.1 ] },
                "south": { "texture": "#3", "uv": [ 0.0, 0.0, 0.1, 0.1 ] },
                "west": { "texture": "#3", "uv": [ 0.0, 0.0, 0.1, 0.1 ] },
                "up": { "texture": "#3", "uv": [ 0.0, 0.0, 0.1, 0.1 ] },
                "down": { "texture": "#3", "uv": [ 0.0, 0.0, 0.1, 0.1 ] }
            }
        },
        {
            "name": "Cube",
            "from": [ -7.4000000059604645, 5.0, 4.900000013411045 ], 
            "to": [ 1.8999999985098839, 5.5999999940395355, 6.300000004470348 ], 
            "shade": false,
            "rotation": { "origin": [ 8.0, 3.099999986588955, 6.100000001490116 ], "axis": "x", "angle": 45.0 },
            "faces": {
                "north": { "texture": "#3", "uv": [ 0.0, 0.0, 0.1, 0.1 ] },
                "east": { "texture": "#3", "uv": [ 0.0, 0.0, 0.1, 0.1 ] },
                "south": { "texture": "#3", "uv": [ 0.0, 0.0, 0.1, 0.1 ] },
                "west": { "texture": "#3", "uv": [ 0.0, 0.0, 0.1, 0.1 ] },
                "up": { "texture": "#3", "uv": [ 0.0, 0.0, 0.1, 0.1 ] },
                "down": { "texture": "#3", "uv": [ 0.0, 0.0, 0.1, 0.1 ] }
            }
        },
        {
            "name": "Cube",
            "from": [ -7.4000000059604645, 4.299999989569187, 7.000000029802322 ], 
            "to": [ 1.8999999985098839, 5.6999999806284904, 7.600000023841858 ], 
            "shade": false,
            "faces": {
                "north": { "texture": "#3", "uv": [ 0.0, 0.0, 0.1, 0.1 ] },
                "east": { "texture": "#3", "uv": [ 0.0, 0.0, 0.1, 0.1 ] },
                "south": { "texture": "#3", "uv": [ 0.0, 0.0, 0.1, 0.1 ] },
                "west": { "texture": "#3", "uv": [ 0.0, 0.0, 0.1, 0.1 ] },
                "up": { "texture": "#3", "uv": [ 0.0, 0.0, 0.1, 0.1 ] },
                "down": { "texture": "#3", "uv": [ 0.0, 0.0, 0.1, 0.1 ] }
            }
        },
        {
            "name": "Cube",
            "from": [ 1.8999999836087227, 4.699999995529652, 6.600000023841858 ], 
            "to": [ 2.099999986588955, 5.299999989569187, 8.000000014901161 ], 
            "shade": false,
            "faces": {
                "north": { "texture": "#0", "uv": [ 0.0, 0.0, 0.1, 0.1 ] },
                "east": { "texture": "#0", "uv": [ 0.0, 0.0, 0.1, 0.1 ] },
                "south": { "texture": "#0", "uv": [ 0.0, 0.0, 0.1, 0.1 ] },
                "west": { "texture": "#0", "uv": [ 0.0, 0.0, 0.1, 0.1 ] },
                "up": { "texture": "#0", "uv": [ 0.0, 0.0, 0.1, 0.1 ] },
                "down": { "texture": "#0", "uv": [ 0.0, 0.0, 0.1, 0.1 ] }
            }
        },
        {
            "name": "Cube",
            "from": [ 1.8999999836087227, 4.799999997019768, 5.000000014901161 ], 
            "to": [ 2.099999986588955, 5.399999991059303, 6.4000000059604645 ], 
            "shade": false,
            "rotation": { "origin": [ 8.0, 6.999999985098839, 6.600000008940697 ], "axis": "x", "angle": -45.0 },
            "faces": {
                "north": { "texture": "#0", "uv": [ 0.0, 0.0, 0.1, 0.1 ] },
                "east": { "texture": "#0", "uv": [ 0.0, 0.0, 0.1, 0.1 ] },
                "south": { "texture": "#0", "uv": [ 0.0, 0.0, 0.1, 0.1 ] },
                "west": { "texture": "#0", "uv": [ 0.0, 0.0, 0.1, 0.1 ] },
                "up": { "texture": "#0", "uv": [ 0.0, 0.0, 0.1, 0.1 ] },
                "down": { "texture": "#0", "uv": [ 0.0, 0.0, 0.1, 0.1 ] }
            }
        },
        {
            "name": "Cube",
            "from": [ 1.8999999985098839, 5.0, 4.900000013411045 ], 
            "to": [ 2.100000001490116, 5.5999999940395355, 6.300000004470348 ], 
            "shade": false,
            "rotation": { "origin": [ 8.0, 3.099999986588955, 6.100000001490116 ], "axis": "x", "angle": 45.0 },
            "faces": {
                "north": { "texture": "#0", "uv": [ 0.0, 0.0, 0.1, 0.1 ] },
                "east": { "texture": "#0", "uv": [ 0.0, 0.0, 0.1, 0.1 ] },
                "south": { "texture": "#0", "uv": [ 0.0, 0.0, 0.1, 0.1 ] },
                "west": { "texture": "#0", "uv": [ 0.0, 0.0, 0.1, 0.1 ] },
                "up": { "texture": "#0", "uv": [ 0.0, 0.0, 0.1, 0.1 ] },
                "down": { "texture": "#0", "uv": [ 0.0, 0.0, 0.1, 0.1 ] }
            }
        },
        {
            "name": "Cube",
            "from": [ 1.8999999836087227, 4.299999989569187, 7.000000029802322 ], 
            "to": [ 2.099999986588955, 5.6999999806284904, 7.600000023841858 ], 
            "shade": false,
            "faces": {
                "north": { "texture": "#0", "uv": [ 0.0, 0.0, 0.1, 0.1 ] },
                "east": { "texture": "#0", "uv": [ 0.0, 0.0, 0.1, 0.1 ] },
                "south": { "texture": "#0", "uv": [ 0.0, 0.0, 0.1, 0.1 ] },
                "west": { "texture": "#0", "uv": [ 0.0, 0.0, 0.1, 0.1 ] },
                "up": { "texture": "#0", "uv": [ 0.0, 0.0, 0.1, 0.1 ] },
                "down": { "texture": "#0", "uv": [ 0.0, 0.0, 0.1, 0.1 ] }
            }
        },
        {
            "name": "Cube",
            "from": [ 0.6999999657273293, 3.299999989569187, 6.600000023841858 ], 
            "to": [ 3.499999962747097, 3.6999999806284904, 8.000000029802322 ], 
            "shade": false,
            "rotation": { "origin": [ 5.000000014901161, 0.19999994337558746, 8.0 ], "axis": "z", "angle": -22.5 },
            "faces": {
                "north": { "texture": "#3", "uv": [ 0.0, 0.0, 0.1, 0.1 ] },
                "east": { "texture": "#3", "uv": [ 0.0, 0.0, 0.1, 0.1 ] },
                "south": { "texture": "#3", "uv": [ 0.0, 0.0, 0.1, 0.1 ] },
                "west": { "texture": "#3", "uv": [ 0.0, 0.0, 0.1, 0.1 ] },
                "up": { "texture": "#3", "uv": [ 0.0, 0.0, 0.1, 0.1 ] },
                "down": { "texture": "#3", "uv": [ 0.0, 0.0, 0.1, 0.1 ] }
            }
        },
        {
            "name": "Cube",
            "from": [ 2.099999986588955, 4.699999995529652, 6.600000023841858 ], 
            "to": [ 3.3999999910593033, 5.299999989569187, 8.000000014901161 ], 
            "shade": false,
            "faces": {
                "north": { "texture": "#3", "uv": [ 0.0, 0.0, 0.1, 0.1 ] },
                "east": { "texture": "#3", "uv": [ 0.0, 0.0, 0.1, 0.1 ] },
                "south": { "texture": "#3", "uv": [ 0.0, 0.0, 0.1, 0.1 ] },
                "west": { "texture": "#3", "uv": [ 0.0, 0.0, 0.1, 0.1 ] },
                "up": { "texture": "#3", "uv": [ 0.0, 0.0, 0.1, 0.1 ] },
                "down": { "texture": "#3", "uv": [ 0.0, 0.0, 0.1, 0.1 ] }
            }
        },
        {
            "name": "Cube",
            "from": [ 2.099999986588955, 4.799999997019768, 5.000000014901161 ], 
            "to": [ 3.3999999910593033, 5.399999991059303, 6.4000000059604645 ], 
            "shade": false,
            "rotation": { "origin": [ 8.0, 6.999999985098839, 6.600000008940697 ], "axis": "x", "angle": -45.0 },
            "faces": {
                "north": { "texture": "#3", "uv": [ 0.0, 0.0, 0.1, 0.1 ] },
                "east": { "texture": "#3", "uv": [ 0.0, 0.0, 0.1, 0.1 ] },
                "south": { "texture": "#3", "uv": [ 0.0, 0.0, 0.1, 0.1 ] },
                "west": { "texture": "#3", "uv": [ 0.0, 0.0, 0.1, 0.1 ] },
                "up": { "texture": "#3", "uv": [ 0.0, 0.0, 0.1, 0.1 ] },
                "down": { "texture": "#3", "uv": [ 0.0, 0.0, 0.1, 0.1 ] }
            }
        },
        {
            "name": "Cube",
            "from": [ 2.099999986588955, 4.299999989569187, 7.000000029802322 ], 
            "to": [ 3.3999999910593033, 5.6999999806284904, 7.600000023841858 ], 
            "shade": false,
            "faces": {
                "north": { "texture": "#3", "uv": [ 0.0, 0.0, 0.1, 0.1 ] },
                "east": { "texture": "#3", "uv": [ 0.0, 0.0, 0.1, 0.1 ] },
                "south": { "texture": "#3", "uv": [ 0.0, 0.0, 0.1, 0.1 ] },
                "west": { "texture": "#3", "uv": [ 0.0, 1.0, 0.1, 1.1 ] },
                "up": { "texture": "#3", "uv": [ 0.0, 0.0, 0.1, 0.1 ] },
                "down": { "texture": "#3", "uv": [ 0.0, 0.0, 0.1, 0.1 ] }
            }
        },
        {
            "name": "Cube",
            "from": [ 2.099999986588955, 5.0, 4.900000013411045 ], 
            "to": [ 3.3999999910593033, 5.5999999940395355, 6.300000004470348 ], 
            "shade": false,
            "rotation": { "origin": [ 8.0, 3.099999986588955, 6.100000001490116 ], "axis": "x", "angle": 45.0 },
            "faces": {
                "north": { "texture": "#3", "uv": [ 0.0, 0.0, 0.1, 0.1 ] },
                "east": { "texture": "#3", "uv": [ 0.0, 0.0, 0.1, 0.1 ] },
                "south": { "texture": "#3", "uv": [ 0.0, 0.0, 0.1, 0.1 ] },
                "west": { "texture": "#3", "uv": [ 0.0, 0.0, 0.1, 0.1 ] },
                "up": { "texture": "#3", "uv": [ 0.0, 0.0, 0.1, 0.1 ] },
                "down": { "texture": "#3", "uv": [ 0.0, 0.0, 0.1, 0.1 ] }
            }
        },
        {
            "name": "Cube",
            "from": [ 3.399999976158142, 4.299999989569187, 6.600000023841858 ], 
            "to": [ 12.69999998062849, 5.099999986588955, 8.000000014901161 ], 
            "shade": false,
            "faces": {
                "north": { "texture": "#3", "uv": [ 0.0, 0.0, 0.1, 0.1 ] },
                "east": { "texture": "#3", "uv": [ 0.0, 0.0, 0.1, 0.1 ] },
                "south": { "texture": "#3", "uv": [ 0.0, 0.0, 0.1, 0.1 ] },
                "west": { "texture": "#3", "uv": [ 0.0, 0.0, 0.1, 0.1 ] },
                "up": { "texture": "#3", "uv": [ 0.0, 0.0, 0.1, 0.1 ] },
                "down": { "texture": "#3", "uv": [ 0.0, 0.0, 0.1, 0.1 ] }
            }
        },
        {
            "name": "Cube",
            "from": [ 4.199999958276749, 3.899999998509884, 6.600000023841858 ], 
            "to": [ 12.69999996572733, 4.299999989569187, 8.000000014901161 ], 
            "shade": false,
            "faces": {
                "north": { "texture": "#3", "uv": [ 0.0, 0.0, 0.1, 0.1 ] },
                "east": { "texture": "#3", "uv": [ 0.0, 0.0, 0.1, 0.1 ] },
                "south": { "texture": "#3", "uv": [ 0.0, 0.0, 0.1, 0.1 ] },
                "west": { "texture": "#3", "uv": [ 0.0, 0.0, 0.1, 0.1 ] },
                "up": { "texture": "#3", "uv": [ 0.0, 0.0, 0.1, 0.1 ] },
                "down": { "texture": "#3", "uv": [ 0.0, 0.0, 0.1, 0.1 ] }
            }
        },
        {
            "name": "Cube",
            "from": [ 4.799999967217445, 3.700000010430813, 6.600000023841858 ], 
            "to": [ 12.69999998062849, 3.899999998509884, 8.000000014901161 ], 
            "shade": false,
            "faces": {
                "north": { "texture": "#3", "uv": [ 0.0, 0.0, 0.1, 0.1 ] },
                "east": { "texture": "#3", "uv": [ 0.0, 0.0, 0.1, 0.1 ] },
                "south": { "texture": "#3", "uv": [ 0.0, 0.0, 0.1, 0.1 ] },
                "west": { "texture": "#3", "uv": [ 0.0, 0.0, 0.1, 0.1 ] },
                "up": { "texture": "#3", "uv": [ 0.0, 0.0, 0.1, 0.1 ] },
                "down": { "texture": "#3", "uv": [ 0.0, 0.0, 0.1, 0.1 ] }
            }
        },
        {
            "name": "Cube",
            "from": [ 2.8999999836087227, 5.100000001490116, 7.100000001490116 ], 
            "to": [ 3.999999985098839, 5.499999992549419, 7.499999992549419 ], 
            "shade": false,
            "faces": {
                "north": { "texture": "#0", "uv": [ 0.0, 0.0, 0.1, 0.1 ] },
                "east": { "texture": "#0", "uv": [ 0.0, 0.0, 0.1, 0.1 ] },
                "south": { "texture": "#0", "uv": [ 0.0, 0.0, 0.1, 0.1 ] },
                "west": { "texture": "#0", "uv": [ 0.0, 0.0, 0.1, 0.1 ] },
                "up": { "texture": "#0", "uv": [ 0.0, 0.0, 0.1, 0.1 ] },
                "down": { "texture": "#0", "uv": [ 0.0, 0.0, 0.1, 0.1 ] }
            }
        },
        {
            "name": "Cube",
            "from": [ 3.999999985098839, 5.100000001490116, 6.899999998509884 ], 
            "to": [ 5.799999982118607, 5.699999995529652, 7.699999995529652 ], 
            "shade": false,
            "faces": {
                "north": { "texture": "#0", "uv": [ 0.0, 0.0, 0.1, 0.1 ] },
                "east": { "texture": "#0", "uv": [ 0.0, 0.0, 0.1, 0.1 ] },
                "south": { "texture": "#0", "uv": [ 0.0, 0.0, 0.1, 0.1 ] },
                "west": { "texture": "#0", "uv": [ 0.0, 0.0, 0.1, 0.1 ] },
                "up": { "texture": "#0", "uv": [ 0.0, 0.0, 0.1, 0.1 ] },
                "down": { "texture": "#0", "uv": [ 0.0, 0.0, 0.1, 0.1 ] }
            }
        },
        {
            "name": "Cube",
            "from": [ 5.799999982118607, 5.100000001490116, 7.600000008940697 ], 
            "to": [ 9.399999976158142, 5.5999999940395355, 7.699999995529652 ], 
            "shade": false,
            "faces": {
                "north": { "texture": "#0", "uv": [ 0.0, 0.0, 0.1, 0.1 ] },
                "east": { "texture": "#0", "uv": [ 0.0, 0.0, 0.1, 0.1 ] },
                "south": { "texture": "#0", "uv": [ 0.0, 0.0, 0.1, 0.1 ] },
                "west": { "texture": "#0", "uv": [ 0.0, 0.0, 0.1, 0.1 ] },
                "up": { "texture": "#0", "uv": [ 0.0, 0.0, 0.1, 0.1 ] },
                "down": { "texture": "#0", "uv": [ 0.0, 0.0, 0.1, 0.1 ] }
            }
        },
        {
            "name": "Cube",
            "from": [ 9.399999991059303, 5.100000001490116, 6.899999998509884 ], 
            "to": [ 11.199999988079071, 5.5999999940395355, 7.199999988079071 ], 
            "shade": false,
            "faces": {
                "north": { "texture": "#0", "uv": [ 0.0, 0.0, 0.1, 0.1 ] },
                "east": { "texture": "#0", "uv": [ 0.0, 0.0, 0.1, 0.1 ] },
                "south": { "texture": "#0", "uv": [ 0.0, 0.0, 0.1, 0.1 ] },
                "west": { "texture": "#0", "uv": [ 0.0, 0.0, 0.1, 0.1 ] },
                "up": { "texture": "#0", "uv": [ 0.0, 0.0, 0.1, 0.1 ] },
                "down": { "texture": "#0", "uv": [ 0.0, 0.0, 0.1, 0.1 ] }
            }
        },
        {
            "name": "Cube",
            "from": [ 5.799999982118607, 5.100000001490116, 6.899999998509884 ], 
            "to": [ 7.399999976158142, 5.5999999940395355, 6.999999985098839 ], 
            "shade": false,
            "faces": {
                "north": { "texture": "#0", "uv": [ 0.0, 0.0, 0.1, 0.1 ] },
                "east": { "texture": "#0", "uv": [ 0.0, 0.0, 0.1, 0.1 ] },
                "south": { "texture": "#0", "uv": [ 0.0, 0.0, 0.1, 0.1 ] },
                "west": { "texture": "#0", "uv": [ 0.0, 0.0, 0.1, 0.1 ] },
                "up": { "texture": "#0", "uv": [ 0.0, 0.0, 0.1, 0.1 ] },
                "down": { "texture": "#0", "uv": [ 0.0, 0.0, 0.1, 0.1 ] }
            }
        },
        {
            "name": "Cube",
            "from": [ 7.399999991059303, 5.100000001490116, 6.899999998509884 ], 
            "to": [ 9.399999991059303, 5.399999991059303, 6.999999985098839 ], 
            "shade": false,
            "faces": {
                "north": { "texture": "#0", "uv": [ 0.0, 0.0, 0.1, 0.1 ] },
                "east": { "texture": "#0", "uv": [ 0.0, 0.0, 0.1, 0.1 ] },
                "south": { "texture": "#0", "uv": [ 0.0, 0.0, 0.1, 0.1 ] },
                "west": { "texture": "#0", "uv": [ 0.0, 0.0, 0.1, 0.1 ] },
                "up": { "texture": "#0", "uv": [ 0.0, 0.0, 0.1, 0.1 ] },
                "down": { "texture": "#0", "uv": [ 0.0, 0.0, 0.1, 0.1 ] }
            }
        },
        {
            "name": "Cube",
            "from": [ 9.399999991059303, 5.100000001490116, 7.4000000059604645 ], 
            "to": [ 11.199999988079071, 5.5999999940395355, 7.699999995529652 ], 
            "shade": false,
            "faces": {
                "north": { "texture": "#0", "uv": [ 0.0, 0.0, 0.1, 0.1 ] },
                "east": { "texture": "#0", "uv": [ 0.0, 0.0, 0.1, 0.1 ] },
                "south": { "texture": "#0", "uv": [ 0.0, 0.0, 0.1, 0.1 ] },
                "west": { "texture": "#0", "uv": [ 0.0, 0.0, 0.1, 0.1 ] },
                "up": { "texture": "#0", "uv": [ 0.0, 0.0, 0.1, 0.1 ] },
                "down": { "texture": "#0", "uv": [ 0.0, 0.0, 0.1, 0.1 ] }
            }
        },
        {
            "name": "Cube",
            "from": [ 9.399999991059303, 5.100000001490116, 7.200000002980232 ], 
            "to": [ 11.199999988079071, 5.399999991059303, 7.499999992549419 ], 
            "shade": false,
            "faces": {
                "north": { "texture": "#0", "uv": [ 0.0, 0.0, 0.1, 0.1 ] },
                "east": { "texture": "#0", "uv": [ 0.0, 0.0, 0.1, 0.1 ] },
                "south": { "texture": "#0", "uv": [ 0.0, 0.0, 0.1, 0.1 ] },
                "west": { "texture": "#0", "uv": [ 0.0, 0.0, 0.1, 0.1 ] },
                "up": { "texture": "#0", "uv": [ 0.0, 0.0, 0.1, 0.1 ] },
                "down": { "texture": "#0", "uv": [ 0.0, 0.0, 0.1, 0.1 ] }
            }
        },
        {
            "name": "Cube",
            "from": [ 5.299999989569187, 5.100000001490116, 7.0 ], 
            "to": [ 9.199999988079071, 5.499999992549419, 7.499999992549419 ], 
            "shade": false,
            "faces": {
                "north": { "texture": "#2", "uv": [ 0.0, 0.0, 0.1, 0.1 ] },
                "east": { "texture": "#2", "uv": [ 0.0, 0.0, 0.1, 0.1 ] },
                "south": { "texture": "#2", "uv": [ 0.0, 0.0, 0.1, 0.1 ] },
                "west": { "texture": "#2", "uv": [ 0.0, 0.0, 0.1, 0.1 ] },
                "up": { "texture": "#2", "uv": [ 0.0, 0.0, 0.1, 0.1 ] },
                "down": { "texture": "#2", "uv": [ 0.0, 0.0, 0.1, 0.1 ] }
            }
        },
        {
            "name": "Cube",
            "from": [ 10.799999982118607, 5.200000002980232, 7.100000002980233 ], 
            "to": [ 11.69999996572733, 5.5999999940395355, 7.499999994039536 ], 
            "shade": false,
            "faces": {
                "north": { "texture": "#0", "uv": [ 0.0, 0.0, 0.1, 0.1 ] },
                "east": { "texture": "#0", "uv": [ 0.0, 0.0, 0.1, 0.1 ] },
                "south": { "texture": "#0", "uv": [ 0.0, 0.0, 0.1, 0.1 ] },
                "west": { "texture": "#0", "uv": [ 0.0, 0.0, 0.1, 0.1 ] },
                "up": { "texture": "#0", "uv": [ 0.0, 0.0, 0.1, 0.1 ] },
                "down": { "texture": "#0", "uv": [ 0.0, 0.0, 0.1, 0.1 ] }
            }
        },
        {
            "name": "Cube",
            "from": [ 11.69999996572733, 5.100000001490116, 7.0000000014901165 ], 
            "to": [ 11.799999937415123, 5.699999995529652, 7.599999995529652 ], 
            "shade": false,
            "faces": {
                "north": { "texture": "#0", "uv": [ 0.0, 0.0, 0.1, 0.1 ] },
                "east": { "texture": "#0", "uv": [ 0.0, 0.0, 0.1, 0.1 ] },
                "south": { "texture": "#0", "uv": [ 0.0, 0.0, 0.1, 0.1 ] },
                "west": { "texture": "#0", "uv": [ 0.0, 0.0, 0.1, 0.1 ] },
                "up": { "texture": "#0", "uv": [ 0.0, 0.0, 0.1, 0.1 ] },
                "down": { "texture": "#0", "uv": [ 0.0, 0.0, 0.1, 0.1 ] }
            }
        },
        {
            "name": "Cube",
            "from": [ 4.699999965727329, 5.499999992549419, 6.799999998509884 ], 
            "to": [ 4.999999940395355, 5.799999982118607, 7.099999988079071 ], 
            "shade": false,
            "faces": {
                "north": { "texture": "#1", "uv": [ 0.0, 0.0, 0.1, 0.1 ] },
                "east": { "texture": "#1", "uv": [ 0.0, 0.0, 0.1, 0.1 ] },
                "south": { "texture": "#1", "uv": [ 0.0, 0.0, 0.1, 0.1 ] },
                "west": { "texture": "#1", "uv": [ 0.0, 0.0, 0.1, 0.1 ] },
                "up": { "texture": "#1", "uv": [ 0.0, 0.0, 0.1, 0.1 ] },
                "down": { "texture": "#1", "uv": [ 0.0, 0.0, 0.1, 0.1 ] }
            }
        },
        {
            "name": "Cube",
            "from": [ 4.699999965727329, 5.499999992549419, 7.500000008940697 ], 
            "to": [ 4.999999940395355, 5.799999982118607, 7.799999998509884 ], 
            "shade": false,
            "faces": {
                "north": { "texture": "#1", "uv": [ 0.0, 0.0, 0.1, 0.1 ] },
                "east": { "texture": "#1", "uv": [ 0.0, 0.0, 0.1, 0.1 ] },
                "south": { "texture": "#1", "uv": [ 0.0, 0.0, 0.1, 0.1 ] },
                "west": { "texture": "#1", "uv": [ 0.0, 0.0, 0.1, 0.1 ] },
                "up": { "texture": "#1", "uv": [ 0.0, 0.0, 0.1, 0.1 ] },
                "down": { "texture": "#1", "uv": [ 0.0, 0.0, 0.1, 0.1 ] }
            }
        },
        {
            "name": "Cube",
            "from": [ 8.799999967217445, 5.399999991059303, 6.39999999254942 ], 
            "to": [ 8.999999940395355, 5.599999979138374, 7.299999991059304 ], 
            "shade": false,
            "rotation": { "origin": [ 7.799999997019768, 5.299999989569187, 6.799999997019768 ], "axis": "x", "angle": 22.5 },
            "faces": {
                "north": { "texture": "#2", "uv": [ 0.0, 0.0, 0.1, 0.1 ] },
                "east": { "texture": "#2", "uv": [ 0.0, 0.0, 0.1, 0.1 ] },
                "south": { "texture": "#2", "uv": [ 0.0, 0.0, 0.1, 0.1 ] },
                "west": { "texture": "#2", "uv": [ 0.0, 0.0, 0.1, 0.1 ] },
                "up": { "texture": "#2", "uv": [ 0.0, 0.0, 0.1, 0.1 ] },
                "down": { "texture": "#2", "uv": [ 0.0, 0.0, 0.1, 0.1 ] }
            }
        },
        {
            "name": "Cube",
            "from": [ 8.69999996572733, 5.399999991059303, 5.499999994039536 ], 
            "to": [ 9.099999941885471, 5.799999982118607, 5.899999985098839 ], 
            "shade": false,
            "rotation": { "origin": [ 8.0, 4.0, 6.299999989569187 ], "axis": "x", "angle": 22.5 },
            "faces": {
                "north": { "texture": "#0", "uv": [ 0.0, 0.0, 0.1, 0.1 ] },
                "east": { "texture": "#0", "uv": [ 0.0, 0.0, 0.1, 0.1 ] },
                "south": { "texture": "#0", "uv": [ 0.0, 0.0, 0.1, 0.1 ] },
                "west": { "texture": "#0", "uv": [ 0.0, 0.0, -0.9, 0.1 ] },
                "up": { "texture": "#0", "uv": [ 0.0, 0.0, 0.1, 0.1 ] },
                "down": { "texture": "#0", "uv": [ 0.0, 0.0, 0.1, 0.1 ] }
            }
        },
        {
            "name": "Cube",
            "from": [ 13.399999976158142, 5.700000010430813, 6.600000023841858 ], 
            "to": [ 15.499999977648258, 7.100000016391277, 8.000000014901161 ], 
            "shade": false,
            "rotation": { "origin": [ 8.0, 8.0, 8.0 ], "axis": "z", "angle": -22.5 },
            "faces": {
                "north": { "texture": "#3", "uv": [ 0.0, 0.0, 0.1, 0.1 ] },
                "east": { "texture": "#3", "uv": [ 0.0, 0.0, 0.1, 0.1 ] },
                "south": { "texture": "#3", "uv": [ 0.0, 0.0, 0.1, 0.1 ] },
                "west": { "texture": "#3", "uv": [ 0.0, 0.0, 0.1, 0.1 ] },
                "up": { "texture": "#3", "uv": [ 0.0, 0.0, 0.1, 0.1 ] },
                "down": { "texture": "#3", "uv": [ 0.0, 0.0, 0.1, 0.1 ] }
            }
        },
        {
            "name": "Cube",
            "from": [ 13.399999976158142, 5.700000010430813, 6.600000023841858 ], 
            "to": [ 14.999999970197678, 7.100000016391277, 8.000000014901161 ], 
            "shade": false,
            "rotation": { "origin": [ 20.50000000745058, 5.799999997019768, 8.0 ], "axis": "z", "angle": 22.5 },
            "faces": {
                "north": { "texture": "#3", "uv": [ 0.0, 0.0, 0.1, 0.1 ] },
                "east": { "texture": "#3", "uv": [ 0.0, 0.0, 0.1, 0.1 ] },
                "south": { "texture": "#3", "uv": [ 0.0, 0.0, 0.1, 0.1 ] },
                "west": { "texture": "#3", "uv": [ 0.0, 0.0, 0.1, 0.1 ] },
                "up": { "texture": "#3", "uv": [ 0.0, 0.0, 0.1, 0.1 ] },
                "down": { "texture": "#3", "uv": [ 0.0, 0.0, 0.1, 0.1 ] }
            }
        },
        {
            "name": "Cube",
            "from": [ 15.499999977648258, 6.300000004470348, 6.600000023841858 ], 
            "to": [ 23.19999998807907, 7.700000010430813, 8.000000014901161 ], 
            "shade": false,
            "rotation": { "origin": [ 8.0, 8.0, 8.0 ], "axis": "z", "angle": -22.5 },
            "faces": {
                "north": { "texture": "#3", "uv": [ 0.0, 0.0, 0.1, 0.1 ] },
                "east": { "texture": "#3", "uv": [ 0.0, 0.0, 0.1, 0.1 ] },
                "south": { "texture": "#3", "uv": [ 0.0, 0.0, 0.1, 0.1 ] },
                "west": { "texture": "#3", "uv": [ 0.0, 0.0, 0.1, 0.1 ] },
                "up": { "texture": "#3", "uv": [ 0.0, 0.0, 0.1, 0.1 ] },
                "down": { "texture": "#3", "uv": [ 0.0, 0.0, 0.1, 0.1 ] }
            }
        },
        {
            "name": "Cube",
            "from": [ 14.899999968707561, 3.5000000074505806, 6.600000023841858 ], 
            "to": [ 21.999999970197678, 4.900000013411045, 8.000000014901161 ], 
            "shade": false,
            "faces": {
                "north": { "texture": "#3", "uv": [ 0.0, 0.0, 0.1, 0.1 ] },
                "east": { "texture": "#3", "uv": [ 0.0, 0.0, 0.1, 0.1 ] },
                "south": { "texture": "#3", "uv": [ 0.0, 0.0, 0.1, 0.1 ] },
                "west": { "texture": "#3", "uv": [ 0.0, 0.0, 0.1, 0.1 ] },
                "up": { "texture": "#3", "uv": [ 0.0, 0.0, 0.1, 0.1 ] },
                "down": { "texture": "#3", "uv": [ 0.0, 0.0, 0.1, 0.1 ] }
            }
        },
        {
            "name": "Cube",
            "from": [ 17.89999996870756, 2.100000001490116, 6.600000023841858 ], 
            "to": [ 21.999999970197678, 3.5000000074505806, 8.000000014901161 ], 
            "shade": false,
            "faces": {
                "north": { "texture": "#3", "uv": [ 0.0, 0.0, 0.1, 0.1 ] },
                "east": { "texture": "#3", "uv": [ 0.0, 0.0, 0.1, 0.1 ] },
                "south": { "texture": "#3", "uv": [ 0.0, 0.0, 0.1, 0.1 ] },
                "west": { "texture": "#3", "uv": [ 0.0, 0.0, 0.1, 0.1 ] },
                "up": { "texture": "#3", "uv": [ 0.0, 0.0, 0.1, 0.1 ] },
                "down": { "texture": "#3", "uv": [ 0.0, 0.0, 0.1, 0.1 ] }
            }
        },
        {
            "name": "Cube",
            "from": [ 18.89999996870756, 1.7999999970197678, 6.600000023841858 ], 
            "to": [ 21.999999970197678, 2.2000000029802322, 8.000000014901161 ], 
            "shade": false,
            "faces": {
                "north": { "texture": "#3", "uv": [ 0.0, 0.0, 0.1, 0.1 ] },
                "east": { "texture": "#3", "uv": [ 0.0, 0.0, 0.1, 0.1 ] },
                "south": { "texture": "#3", "uv": [ 0.0, 0.0, 0.1, 0.1 ] },
                "west": { "texture": "#3", "uv": [ 0.0, 0.0, 0.1, 0.1 ] },
                "up": { "texture": "#3", "uv": [ 0.0, 0.0, 0.1, 0.1 ] },
                "down": { "texture": "#3", "uv": [ 0.0, 0.0, 0.1, 0.1 ] }
            }
        },
        {
            "name": "Cube",
            "from": [ 5.799999982118607, 5.100000001490116, 7.0 ], 
            "to": [ 9.799999982118607, 5.199999988079071, 7.699999995529652 ], 
            "shade": false,
            "faces": {
                "north": { "texture": "#0", "uv": [ 0.0, 0.0, 0.1, 0.1 ] },
                "east": { "texture": "#0", "uv": [ 0.0, 0.0, 0.1, 0.1 ] },
                "south": { "texture": "#0", "uv": [ 0.0, 0.0, 0.1, 0.1 ] },
                "west": { "texture": "#0", "uv": [ 0.0, 0.0, 0.1, 0.1 ] },
                "up": { "texture": "#0", "uv": [ 0.0, 0.0, 0.1, 0.1 ] },
                "down": { "texture": "#0", "uv": [ 0.0, 0.0, 0.1, 0.1 ] }
            }
        },
        {
            "name": "Cube",
            "from": [ -14.599999994039536, 4.899999998509884, 6.899999998509884 ], 
            "to": [ -14.100000001490116, 5.5999999940395355, 7.5999999940395355 ], 
            "shade": false,
            "faces": {
                "north": { "texture": "#2", "uv": [ 0.0, 0.0, 0.1, 0.1 ] },
                "east": { "texture": "#2", "uv": [ 0.0, 0.0, 0.1, 0.1 ] },
                "south": { "texture": "#2", "uv": [ 0.0, 0.0, 0.1, 0.1 ] },
                "west": { "texture": "#2", "uv": [ 0.0, 0.0, 0.1, 0.1 ] },
                "up": { "texture": "#2", "uv": [ 0.0, 0.0, 0.1, 0.1 ] },
                "down": { "texture": "#2", "uv": [ 0.0, 0.0, 0.1, 0.1 ] }
            }
        },
        {
            "name": "Cube",
            "from": [ -14.599999994039536, 5.5999999940395355, 7.100000001490116 ], 
            "to": [ -14.100000001490116, 5.899999983608723, 7.399999991059303 ], 
            "shade": false,
            "faces": {
                "north": { "texture": "#2", "uv": [ 0.0, 0.0, 0.1, 0.1 ] },
                "east": { "texture": "#2", "uv": [ 0.0, 0.0, 0.1, 0.1 ] },
                "south": { "texture": "#2", "uv": [ 0.0, 0.0, 0.1, 0.1 ] },
                "west": { "texture": "#2", "uv": [ 0.0, 0.0, 0.1, 0.1 ] },
                "up": { "texture": "#2", "uv": [ 0.0, 0.0, 0.1, 0.1 ] },
                "down": { "texture": "#2", "uv": [ 0.0, 0.0, 0.1, 0.1 ] }
            }
        },
        {
            "name": "Cube",
            "from": [ -14.599999994039536, 6.0, 6.899999998509884 ], 
            "to": [ -14.100000001490116, 6.499999992549419, 6.999999985098839 ], 
            "shade": false,
            "faces": {
                "north": { "texture": "#2", "uv": [ 0.0, 0.0, 0.1, 0.1 ] },
                "east": { "texture": "#2", "uv": [ 0.0, 0.0, 0.1, 0.1 ] },
                "south": { "texture": "#2", "uv": [ 0.0, 0.0, 0.1, 0.1 ] },
                "west": { "texture": "#2", "uv": [ 0.0, 0.0, 0.1, 0.1 ] },
                "up": { "texture": "#2", "uv": [ 0.0, 0.0, 0.1, 0.1 ] },
                "down": { "texture": "#2", "uv": [ 0.0, 0.0, 0.1, 0.1 ] }
            }
        },
        {
            "name": "Cube",
            "from": [ -14.699999995529652, 6.0, 7.500000007450581 ], 
            "to": [ -14.100000001490116, 6.499999992549419, 7.5999999940395355 ], 
            "shade": false,
            "faces": {
                "north": { "texture": "#2", "uv": [ 0.0, 0.0, 0.1, 0.1 ] },
                "east": { "texture": "#2", "uv": [ 0.0, 0.0, 0.1, 0.1 ] },
                "south": { "texture": "#2", "uv": [ 0.0, 0.0, 0.1, 0.1 ] },
                "west": { "texture": "#2", "uv": [ 0.0, 0.0, 0.1, 0.1 ] },
                "up": { "texture": "#2", "uv": [ 0.0, 0.0, 0.1, 0.1 ] },
                "down": { "texture": "#2", "uv": [ 0.0, 0.0, 0.1, 0.1 ] }
            }
        },
        {
            "name": "Cube",
            "from": [ -14.599999994039536, 5.899999983608723, 7.0 ], 
            "to": [ -14.100000001490116, 5.999999970197678, 7.499999992549419 ], 
            "shade": false,
            "faces": {
                "north": { "texture": "#2", "uv": [ 0.0, 0.0, 0.1, 0.1 ] },
                "east": { "texture": "#2", "uv": [ 0.0, 0.0, 0.1, 0.1 ] },
                "south": { "texture": "#2", "uv": [ 0.0, 0.0, 0.1, 0.1 ] },
                "west": { "texture": "#2", "uv": [ 0.0, 0.0, 0.1, 0.1 ] },
                "up": { "texture": "#2", "uv": [ 0.0, 0.0, 0.1, 0.1 ] },
                "down": { "texture": "#2", "uv": [ 0.0, 0.0, 0.1, 0.1 ] }
            }
        },
        {
            "name": "Cube",
            "from": [ -14.599999994039536, 6.499999992549419, 7.0 ], 
            "to": [ -14.100000001490116, 6.599999979138374, 7.499999992549419 ], 
            "shade": false,
            "faces": {
                "north": { "texture": "#2", "uv": [ 0.0, 0.0, 0.1, 0.1 ] },
                "east": { "texture": "#2", "uv": [ 0.0, 0.0, 0.1, 0.1 ] },
                "south": { "texture": "#2", "uv": [ 0.0, 0.0, 0.1, 0.1 ] },
                "west": { "texture": "#2", "uv": [ 0.0, 0.0, 0.1, 0.1 ] },
                "up": { "texture": "#2", "uv": [ 0.0, 0.0, 0.1, 0.1 ] },
                "down": { "texture": "#2", "uv": [ 0.0, 0.0, 0.1, 0.1 ] }
            }
        },
        {
            "name": "Cube",
            "from": [ -14.599999994039536, 6.0, 7.200000002980232 ], 
            "to": [ -14.100000001490116, 6.199999988079071, 7.299999989569187 ], 
            "shade": false,
            "faces": {
                "north": { "texture": "#2", "uv": [ 0.0, 0.0, 0.1, 0.1 ] },
                "east": { "texture": "#2", "uv": [ 0.0, 0.0, 0.1, 0.1 ] },
                "south": { "texture": "#2", "uv": [ 0.0, 0.0, 0.1, 0.1 ] },
                "west": { "texture": "#2", "uv": [ 0.0, 0.0, 0.1, 0.1 ] },
                "up": { "texture": "#2", "uv": [ 0.0, 0.0, 0.1, 0.1 ] },
                "down": { "texture": "#2", "uv": [ 0.0, 0.0, 0.1, 0.1 ] }
            }
        },
        {
            "name": "Cube",
            "from": [ 7.299999989569187, 2.5000000074505806, 6.899999998509884 ], 
            "to": [ 10.49999999254942, 3.800000011920929, 7.5999999940395355 ], 
            "shade": false,
            "faces": {
                "north": { "texture": "#0", "uv": [ 0.0, 0.0, 0.1, 0.1 ] },
                "east": { "texture": "#0", "uv": [ 0.0, 0.0, 0.1, 0.1 ] },
                "south": { "texture": "#0", "uv": [ 0.0, 0.0, 0.1, 0.1 ] },
                "west": { "texture": "#0", "uv": [ 0.0, 0.0, 0.1, 0.1 ] },
                "up": { "texture": "#0", "uv": [ 0.0, 0.0, 0.1, 0.1 ] },
                "down": { "texture": "#0", "uv": [ 0.0, 0.0, 0.1, 0.1 ] }
            }
        },
        {
            "name": "Cube",
            "from": [ 10.499999977648258, 2.900000013411045, 6.899999998509884 ], 
            "to": [ 10.69999998062849, 3.700000010430813, 7.5999999940395355 ], 
            "shade": false,
            "faces": {
                "north": { "texture": "#2", "uv": [ 0.0, 0.0, 0.1, 0.1 ] },
                "east": { "texture": "#2", "uv": [ 0.0, 0.0, 0.1, 0.1 ] },
                "south": { "texture": "#2", "uv": [ 0.0, 0.0, 0.1, 0.1 ] },
                "west": { "texture": "#2", "uv": [ 0.0, 0.0, 0.1, 0.1 ] },
                "up": { "texture": "#2", "uv": [ 0.0, 0.0, 0.1, 0.1 ] },
                "down": { "texture": "#2", "uv": [ 0.0, 0.0, 0.1, 0.1 ] }
            }
        },
        {
            "name": "Cube",
            "from": [ 12.499999977648258, 2.900000013411045, 6.899999998509884 ], 
            "to": [ 12.69999998062849, 3.700000010430813, 7.5999999940395355 ], 
            "shade": false,
            "faces": {
                "north": { "texture": "#2", "uv": [ 0.0, 0.0, 0.1, 0.1 ] },
                "east": { "texture": "#2", "uv": [ 0.0, 0.0, 0.1, 0.1 ] },
                "south": { "texture": "#2", "uv": [ 0.0, 0.0, 0.1, 0.1 ] },
                "west": { "texture": "#2", "uv": [ 0.0, 0.0, 0.1, 0.1 ] },
                "up": { "texture": "#2", "uv": [ 0.0, 0.0, 0.1, 0.1 ] },
                "down": { "texture": "#2", "uv": [ 0.0, 0.0, 0.1, 0.1 ] }
            }
        },
        {
            "name": "Cube",
            "from": [ 10.69999996572733, 2.700000010430813, 6.899999998509884 ], 
            "to": [ 12.499999977648258, 2.899999998509884, 7.5999999940395355 ], 
            "shade": false,
            "faces": {
                "north": { "texture": "#2", "uv": [ 0.0, 0.0, 0.1, 0.1 ] },
                "east": { "texture": "#2", "uv": [ 0.0, 0.0, 0.1, 0.1 ] },
                "south": { "texture": "#2", "uv": [ 0.0, 0.0, 0.1, 0.1 ] },
                "west": { "texture": "#2", "uv": [ 0.0, 0.0, 0.1, 0.1 ] },
                "up": { "texture": "#2", "uv": [ 0.0, 0.0, 0.1, 0.1 ] },
                "down": { "texture": "#2", "uv": [ 0.0, 0.0, 0.1, 0.1 ] }
            }
        },
        {
            "name": "Cube",
            "from": [ 12.099999971687794, 3.1000000163912773, 7.100000001490116 ], 
            "to": [ 12.299999974668026, 3.6000000089406967, 7.399999991059303 ], 
            "shade": false,
            "rotation": { "origin": [ 12.100000016391277, 3.7999999970197678, 8.0 ], "axis": "z", "angle": -22.5 },
            "faces": {
                "north": { "texture": "#2", "uv": [ 0.0, 0.0, 0.1, 0.1 ] },
                "east": { "texture": "#2", "uv": [ 0.0, 0.0, 0.1, 0.1 ] },
                "south": { "texture": "#2", "uv": [ 0.0, 0.0, 0.1, 0.1 ] },
                "west": { "texture": "#2", "uv": [ 0.0, 0.0, 0.1, 0.1 ] },
                "up": { "texture": "#2", "uv": [ 0.0, 0.0, 0.1, 0.1 ] },
                "down": { "texture": "#2", "uv": [ 0.0, 0.0, 0.1, 0.1 ] }
            }
        },
        {
            "name": "Cube",
            "from": [ 11.999999970197678, 3.500000022351742, 7.100000001490116 ], 
            "to": [ 12.19999997317791, 4.000000014901161, 7.399999991059303 ], 
            "shade": false,
            "faces": {
                "north": { "texture": "#2", "uv": [ 0.0, 0.0, 0.1, 0.1 ] },
                "east": { "texture": "#2", "uv": [ 0.0, 0.0, 0.1, 0.1 ] },
                "south": { "texture": "#2", "uv": [ 0.0, 0.0, 0.1, 0.1 ] },
                "west": { "texture": "#2", "uv": [ 0.0, 0.0, 0.1, 0.1 ] },
                "up": { "texture": "#2", "uv": [ 0.0, 0.0, 0.1, 0.1 ] },
                "down": { "texture": "#2", "uv": [ 0.0, 0.0, 0.1, 0.1 ] }
            }
        }
    ]
}