{
    "__comment": "Model generated using MrCrayfish's Model Creator (http://mrcrayfish.com/modelcreator/)",
    "textures": {
        "0": "blocks/anvil_base",
        "1": "blocks/hardened_clay_stained_gray",
        "2": "blocks/hardened_clay_stained_brown",
        "3": "blocks/wool_colored_black",
        "5": "blocks/stone"
    },
    "elements": [
        {
            "name": "Element",
            "from": [ -2.8, 7.96, 8.24 ], 
            "to": [ -2.08, 8.68, 8.96 ], 
            "faces": {
                "north": { "texture": "#0", "uv": [ 15.625, 15.625, 16.0, 16.0 ] },
                "south": { "texture": "#0", "uv": [ 15.625, 15.625, 16.0, 16.0 ] },
                "up": { "texture": "#0", "uv": [ 15.625, 15.625, 16.0, 16.0 ] },
                "down": { "texture": "#0", "uv": [ 15.625, 15.625, 16.0, 16.0 ] }
            }
        },
        {
            "name": "Element",
            "from": [ 15.92, 8.92, 8.72 ], 
            "to": [ 21.44, 10.36, 9.44 ], 
            "rotation": { "origin": [ 15.92, 10.36, 8.72 ], "axis": "x", "angle": -22.5 },
            "faces": {
                "north": { "texture": "#1", "uv": [ 0.25, 10.625, 6.375, 10.75 ] },
                "east": { "texture": "#1", "uv": [ 0.0, 0.0, 0.1, 0.1 ] },
                "south": { "texture": "#1", "uv": [ 0.0, 0.0, 0.1, 0.1 ] },
                "west": { "texture": "#1", "uv": [ 0.0, 0.0, 0.1, 0.1 ] },
                "up": { "texture": "#1", "uv": [ 0.0, 0.0, 0.1, 0.1 ] },
                "down": { "texture": "#1", "uv": [ 4.0, 9.375, 1.0, 9.0 ] }
            }
        },
        {
            "name": "Element",
            "from": [ 12.92, 4.8664, 7.8512 ], 
            "to": [ 15.7712, 7.48, 9.5144 ], 
            "faces": {
                "north": { "texture": "#1", "uv": [ 0.0, 0.0, 0.1, 0.1 ] },
                "east": { "texture": "#1", "uv": [ 7.25, 9.5, 8.0625, 10.8125 ] },
                "south": { "texture": "#1", "uv": [ 0.0, 0.0, 0.1, 0.1 ] },
                "west": { "texture": "#1", "uv": [ 0.0, 0.0, 0.1, 0.1 ] },
                "up": { "texture": "#1", "uv": [ 10.5625, 7.875, 12.0, 8.6875 ] },
                "down": { "texture": "#1", "uv": [ 0.0, 0.0, 0.1, 0.1 ] }
            }
        },
        {
            "name": "Element",
            "from": [ 5.6, 5.56, 7.799999997019768 ], 
            "to": [ 7.28, 6.76, 9.2 ], 
            "faces": {
                "north": { "texture": "#1", "uv": [ 0.0, 0.0, 0.1, 0.1 ] },
                "east": { "texture": "#1", "uv": [ 7.25, 10.625, 8.125, 11.25 ] },
                "south": { "texture": "#1", "uv": [ 0.0, 0.0, 0.116, 0.1 ] },
                "west": { "texture": "#1", "uv": [ 0.0, 0.0, 0.1, 0.1 ] },
                "up": { "texture": "#1", "uv": [ 9.25, 7.875, 10.5, 8.75 ] },
                "down": { "texture": "#1", "uv": [ 6.75, 8.75, 5.5, 7.875 ] }
            }
        },
        {
            "name": "Element",
            "from": [ 9.2, 3.976, 7.76 ], 
            "to": [ 11.12, 5.32, 9.44 ], 
            "faces": {
                "north": { "texture": "#1", "uv": [ 0.0, 0.0, 0.1, 0.1 ] },
                "east": { "texture": "#1", "uv": [ 3.375, 3.25, 4.25, 3.875 ] },
                "south": { "texture": "#1", "uv": [ 0.0, 0.0, 0.1, 0.1 ] },
                "west": { "texture": "#1", "uv": [ 3.375, 3.25, 4.25, 3.875 ] },
                "up": { "texture": "#1", "uv": [ 0.0, 0.0, 0.1, 0.1 ] },
                "down": { "texture": "#1", "uv": [ 0.0, 0.0, 0.1, 0.1 ] }
            }
        },
        {
            "name": "Element",
            "from": [ 10.64, 3.88, 7.76 ], 
            "to": [ 14.04, 5.08, 9.44 ], 
            "rotation": { "origin": [ 10.64, 5.08, 7.76 ], "axis": "z", "angle": 22.5 },
            "faces": {
                "north": { "texture": "#1", "uv": [ 0.0, 0.0, 0.1, 0.1 ] },
                "east": { "texture": "#1", "uv": [ 7.25, 10.625, 8.125, 11.25 ] },
                "south": { "texture": "#1", "uv": [ 0.0, 0.0, 0.1, 0.1 ] },
                "west": { "texture": "#1", "uv": [ 7.875, 10.625, 8.75, 11.25 ] },
                "up": { "texture": "#1", "uv": [ 0.0, 0.0, 0.1, 3.25 ] },
                "down": { "texture": "#1", "uv": [ 0.0, 0.0, 0.1, 0.1 ] }
            }
        },
        {
            "name": "Element",
            "from": [ 7.04, 5.08, 7.76 ], 
            "to": [ 8.96, 8.2, 9.44 ], 
            "faces": {
                "north": { "texture": "#1", "uv": [ 0.0, 0.0, 0.1, 0.1 ] },
                "east": { "texture": "#1", "uv": [ 0.0, 0.0, 0.1, 0.1 ] },
                "south": { "texture": "#1", "uv": [ 0.0, 0.0, 0.1, 0.1 ] },
                "west": { "texture": "#1", "uv": [ 0.0, 0.0, 0.1, 0.1 ] },
                "up": { "texture": "#1", "uv": [ 9.25, 7.875, 10.5, 8.75 ] },
                "down": { "texture": "#1", "uv": [ 6.75, 8.75, 5.5, 7.875 ] }
            }
        },
        {
            "name": "Element",
            "from": [ 7.52, 4.84, 7.76 ], 
            "to": [ 9.92, 6.04, 9.5072 ], 
            "rotation": { "origin": [ 7.52, 6.04, 7.76 ], "axis": "z", "angle": -22.5 },
            "faces": {
                "north": { "texture": "#1", "uv": [ 0.0, 0.0, 0.1, 0.1 ] },
                "east": { "texture": "#1", "uv": [ 2.375, 3.375, 3.25, 4.0 ] },
                "south": { "texture": "#1", "uv": [ 0.0, 0.0, 0.1, 0.1 ] },
                "west": { "texture": "#1", "uv": [ 7.25, 10.625, 8.125, 11.25 ] },
                "up": { "texture": "#1", "uv": [ 0.0, 0.0, 0.1, 0.1 ] },
                "down": { "texture": "#1", "uv": [ 0.0, 0.0, 0.1, 0.1 ] }
            }
        },
        {
            "name": "Element",
            "from": [ -1.84, 9.16, 7.52 ], 
            "to": [ 15.920000000000002, 10.36, 9.68 ], 
            "faces": {
                "north": { "texture": "#2", "uv": [ 0.0, 0.0, 0.1, 0.1 ] },
                "east": { "texture": "#2", "uv": [ 5.75, 0.125, 6.25, 0.75 ] },
                "south": { "texture": "#2", "uv": [ 0.0, 0.0, 0.1, 0.1 ] },
                "west": { "texture": "#2", "uv": [ 5.75, 0.125, 6.25, 0.75 ] },
                "up": { "texture": "#2", "uv": [ 0.0, 0.0, 0.1, 0.1 ] },
                "down": { "texture": "#2", "uv": [ 5.625, 0.125, 6.375, 0.75 ] }
            }
        },
        {
            "name": "Element",
            "from": [ 2.0, 4.84, 7.76 ], 
            "to": [ 4.4, 5.32, 9.44 ], 
            "faces": {
                "north": { "texture": "#1", "uv": [ 0.0, 0.0, 0.1, 0.1 ] },
                "east": { "texture": "#1", "uv": [ 15.125, 15.375, 16.0, 16.0 ] },
                "south": { "texture": "#1", "uv": [ 0.0, 0.0, 0.1, 0.1 ] },
                "up": { "texture": "#1", "uv": [ 0.0, 0.0, 0.1, 0.1 ] },
                "down": { "texture": "#1", "uv": [ 6.75, 8.75, 5.5, 7.875 ] }
            }
        },
        {
            "name": "Element",
            "from": [ 2.72, 7.0, 7.88 ], 
            "to": [ 5.12, 7.96, 9.32 ], 
            "faces": {
                "north": { "texture": "#1", "uv": [ 0.0, 0.0, 0.1, 0.1 ] },
                "east": { "texture": "#1", "uv": [ 7.25, 10.625, 8.125, 11.25 ] },
                "south": { "texture": "#1", "uv": [ 0.0, 0.0, 0.1, 0.1 ] },
                "west": { "texture": "#1", "uv": [ 7.875, 10.625, 8.75, 11.25 ] },
                "up": { "texture": "#1", "uv": [ 9.25, 7.875, 10.5, 8.75 ] },
                "down": { "texture": "#1", "uv": [ 0.0, 0.0, 0.1, 0.1 ] }
            }
        },
        {
            "name": "Element",
            "from": [ 1.52, 4.12, 7.52 ], 
            "to": [ 3.68, 4.84, 9.68 ], 
            "faces": {
                "north": { "texture": "#1", "uv": [ 0.0, 0.0, 0.1, 0.1 ] },
                "east": { "texture": "#1", "uv": [ 7.25, 10.625, 8.125, 11.25 ] },
                "south": { "texture": "#1", "uv": [ 0.0, 0.0, 0.1, 0.1 ] },
                "west": { "texture": "#1", "uv": [ 7.875, 10.625, 8.75, 11.25 ] },
                "up": { "texture": "#1", "uv": [ 0.0, 0.0, 0.1, 0.1 ] },
                "down": { "texture": "#1", "uv": [ 0.0, 0.0, 0.15, 0.1 ] }
            }
        },
        {
            "name": "Element",
            "from": [ -0.64, 6.28, 7.76 ], 
            "to": [ 0.7999999999999999, 6.76, 9.44 ], 
            "faces": {
                "north": { "texture": "#1", "uv": [ 0.0, 0.0, 0.1, 0.1 ] },
                "east": { "texture": "#1", "uv": [ 7.25, 10.625, 8.125, 11.25 ] },
                "south": { "texture": "#1", "uv": [ 0.0, 0.0, 0.1, 0.1 ] },
                "west": { "texture": "#1", "uv": [ 7.875, 10.625, 8.75, 11.25 ] },
                "down": { "texture": "#1", "uv": [ 0.0, 0.0, 0.1, 0.1 ] }
            }
        },
        {
            "name": "Element",
            "from": [ 3.92, 4.84, 7.76 ], 
            "to": [ 7.28, 5.8, 9.44 ], 
            "faces": {
                "north": { "texture": "#1", "uv": [ 0.0, 0.0, 0.1, 0.1 ] },
                "east": { "texture": "#1", "uv": [ 7.25, 10.625, 8.125, 11.25 ] },
                "south": { "texture": "#1", "uv": [ 0.0, 0.0, 0.1, 0.1 ] },
                "west": { "texture": "#1", "uv": [ 0.0, 0.0, 0.1, 0.1 ] },
                "up": { "texture": "#1", "uv": [ 0.0, 0.0, 0.1, 0.1 ] },
                "down": { "texture": "#1", "uv": [ 0.0, 0.0, 0.1, 0.1 ] }
            }
        },
        {
            "name": "Element",
            "from": [ 1.04, 4.12, 7.52 ], 
            "to": [ 2.0, 7.24, 9.68 ], 
            "faces": {
                "north": { "texture": "#1", "uv": [ 0.0, 0.0, 0.1, 0.1 ] },
                "east": { "texture": "#1", "uv": [ 0.0, 0.0, 0.1, 0.1 ] },
                "south": { "texture": "#1", "uv": [ 0.0, 0.0, 0.1, 0.1 ] },
                "west": { "texture": "#1", "uv": [ 0.0, 0.0, 0.1, 0.1 ] },
                "up": { "texture": "#1", "uv": [ 14.75, 15.125, 16.0, 16.0 ] },
                "down": { "texture": "#1", "uv": [ 14.75, 15.125, 16.0, 16.0 ] }
            }
        },
        {
            "name": "Element",
            "from": [ 4.4, 5.32, 8.36 ], 
            "to": [ 6.08, 7.72, 8.84 ], 
            "faces": {
                "north": { "texture": "#3", "uv": [ 5.125, 7.75, 4.25, 8.875 ] },
                "east": { "texture": "#3", "uv": [ 7.25, 10.625, 8.125, 11.25 ] },
                "south": { "texture": "#3", "uv": [ 4.125, 7.75, 5.25, 8.875 ] },
                "west": { "texture": "#3", "uv": [ 4.5, 11.5, 5.375, 12.125 ] },
                "up": { "texture": "#3", "uv": [ 9.25, 7.875, 10.5, 8.75 ] },
                "down": { "texture": "#3", "uv": [ 6.75, 8.75, 5.5, 7.875 ] }
            }
        },
        {
            "name": "Element",
            "from": [ 6.32, 7.0, 8.0 ], 
            "to": [ 8.92, 9.4, 9.2 ], 
            "rotation": { "origin": [ 6.32, 9.4, 8.0 ], "axis": "z", "angle": -45.0 },
            "faces": {
                "north": { "texture": "#1", "uv": [ 0.0, 0.0, 0.1, 0.1 ] },
                "east": { "texture": "#1", "uv": [ 7.25, 10.625, 8.125, 11.25 ] },
                "south": { "texture": "#1", "uv": [ 0.0, 0.0, 0.1, 0.1 ] },
                "west": { "texture": "#1", "uv": [ 7.875, 10.625, 8.75, 11.25 ] },
                "up": { "texture": "#1", "uv": [ 9.25, 7.875, 10.5, 8.75 ] },
                "down": { "texture": "#1", "uv": [ 6.75, 8.75, 5.5, 7.875 ] }
            }
        },
        {
            "name": "Element",
            "from": [ 3.2, 3.88, 7.52 ], 
            "to": [ 4.4, 4.36, 9.68 ], 
            "rotation": { "origin": [ 3.2, 4.36, 7.52 ], "axis": "z", "angle": 45.0 },
            "faces": {
                "north": { "texture": "#1", "uv": [ 0.0, 0.0, 0.1, 0.1 ] },
                "east": { "texture": "#1", "uv": [ 15.125, 15.375, 16.0, 16.0 ] },
                "south": { "texture": "#1", "uv": [ 0.0, 0.0, 0.1, 0.1 ] },
                "west": { "texture": "#1", "uv": [ 15.125, 15.375, 16.0, 16.0 ] },
                "up": { "texture": "#1", "uv": [ 0.0, 0.0, 0.1, 0.1 ] },
                "down": { "texture": "#1", "uv": [ 0.0, 0.0, 0.1, 0.1 ] }
            }
        },
        {
            "name": "Element",
            "from": [ 0.08, 5.32, 7.76 ], 
            "to": [ 0.8, 6.76, 9.44 ], 
            "rotation": { "origin": [ 0.08, 6.76, 7.76 ], "axis": "z", "angle": 45.0 },
            "faces": {
                "north": { "texture": "#1", "uv": [ 0.0, 0.0, 0.1, 0.1 ] },
                "east": { "texture": "#1", "uv": [ 7.25, 10.625, 8.125, 11.25 ] },
                "south": { "texture": "#1", "uv": [ 0.0, 0.0, 0.12, 0.1 ] },
                "west": { "texture": "#1", "uv": [ 0.0, 0.0, 0.1, 0.1 ] },
                "down": { "texture": "#1", "uv": [ 6.75, 8.75, 5.5, 7.875 ] }
            }
        },
        {
            "name": "Element",
            "from": [ 2.48, 6.28, 7.76 ], 
            "to": [ 3.2, 7.72, 9.44 ], 
            "rotation": { "origin": [ 2.48, 7.72, 7.76 ], "axis": "z", "angle": -45.0 },
            "faces": {
                "north": { "texture": "#1", "uv": [ 0.0, 0.0, 0.1, 0.1 ] },
                "east": { "texture": "#1", "uv": [ 0.0, 0.0, 0.1, 0.1 ] },
                "south": { "texture": "#1", "uv": [ 0.0, 0.0, 0.1, 0.1 ] },
                "west": { "texture": "#1", "uv": [ 7.875, 10.625, 8.75, 11.25 ] },
                "up": { "texture": "#1", "uv": [ 9.25, 7.875, 10.5, 8.75 ] },
                "down": { "texture": "#1", "uv": [ 0.0, 0.0, 0.1, 0.1 ] }
            }
        },
        {
            "name": "Element",
            "from": [ -2.32, 6.76, 7.76 ], 
            "to": [ 2.48, 7.48, 9.44 ], 
            "faces": {
                "north": { "texture": "#1", "uv": [ 0.0, 0.0, 0.1, 0.1 ] },
                "south": { "texture": "#1", "uv": [ 0.0, 0.0, 0.1, 0.1 ] },
                "west": { "texture": "#1", "uv": [ 0.0, 0.0, 0.1, 0.1 ] },
                "up": { "texture": "#1", "uv": [ 9.25, 7.875, 10.5, 8.75 ] },
                "down": { "texture": "#1", "uv": [ 6.75, 8.75, 5.5, 7.875 ] }
            }
        },
        {
            "name": "Element",
            "from": [ -1.12, 5.08, 7.76 ], 
            "to": [ -0.4, 6.76, 9.44 ], 
            "faces": {
                "north": { "texture": "#1", "uv": [ 0.0, 0.0, 0.1, 0.1 ] },
                "east": { "texture": "#1", "uv": [ 0.0, 0.0, 0.1, 0.1 ] },
                "south": { "texture": "#1", "uv": [ 0.0, 0.0, 0.1, 0.1 ] },
                "west": { "texture": "#1", "uv": [ 0.0, 0.0, 8.75, 0.12 ] },
                "down": { "texture": "#1", "uv": [ 6.75, 8.75, 5.5, 7.875 ] }
            }
        },
        {
            "name": "Element",
            "from": [ -1.36, 5.32, 7.52 ], 
            "to": [ -1.12, 6.76, 9.68 ], 
            "faces": {
                "north": { "texture": "#1", "uv": [ 0.0, 0.0, 0.1, 0.1 ] },
                "east": { "texture": "#1", "uv": [ 0.0, 0.0, 0.1, 0.1 ] },
                "south": { "texture": "#1", "uv": [ 0.0, 0.0, 0.1, 0.1 ] },
                "west": { "texture": "#1", "uv": [ 0.0, 0.0, 0.1, 0.1 ] },
                "up": { "texture": "#1", "uv": [ 1.875, 3.125, 3.125, 4.0 ] },
                "down": { "texture": "#1", "uv": [ 1.875, 3.125, 3.125, 4.0 ] }
            }
        },
        {
            "name": "Element",
            "from": [ -2.180000001490116, 8.68, 7.04 ], 
            "to": [ -0.36000000298023216, 11.08, 10.059999998509884 ], 
            "faces": {
                "north": { "texture": "#3", "uv": [ 0.0, 0.0, 0.1, 0.1 ] },
                "east": { "texture": "#3", "uv": [ 0.0, 0.0, 0.1, 0.1 ] },
                "south": { "texture": "#3", "uv": [ 0.0, 0.0, 0.1, 0.1 ] },
                "west": { "texture": "#3", "uv": [ 0.0, 0.0, 0.1, 0.1 ] },
                "up": { "texture": "#3", "uv": [ 0.0, 0.0, 0.1, 0.1 ] },
                "down": { "texture": "#3", "uv": [ 2.0, 6.875, 1.0, 5.25 ] }
            }
        },
        {
            "name": "Element",
            "from": [ -5.2, 7.72, 8.0 ], 
            "to": [ -2.8, 8.92, 9.2 ], 
            "faces": {
                "north": { "texture": "#0", "uv": [ 0.0, 0.0, 0.1, 0.1 ] },
                "east": { "texture": "#0", "uv": [ 0.0, 0.0, 0.1, 0.1 ] },
                "south": { "texture": "#0", "uv": [ 0.0, 0.0, 0.1, 0.1 ] },
                "west": { "texture": "#0", "uv": [ 0.0, 0.0, 0.1, 0.1 ] },
                "up": { "texture": "#0", "uv": [ 0.0, 0.0, 0.1, 0.1 ] },
                "down": { "texture": "#0", "uv": [ 0.0, 0.0, 0.1, 0.1 ] }
            }
        },
        {
            "name": "Element",
            "from": [ -2.08, 10.12, 7.736 ], 
            "to": [ -0.6400000000000001, 11.08, 9.656 ], 
            "rotation": { "origin": [ -2.08, 11.08, 7.736 ], "axis": "z", "angle": 45.0 },
            "faces": {
                "north": { "texture": "#3", "uv": [ 0.0, 0.0, 0.1, 0.1 ] },
                "east": { "texture": "#3", "uv": [ 5.75, 0.375, 6.5, 0.875 ] },
                "south": { "texture": "#3", "uv": [ 0.0, 0.0, 0.1, 0.1 ] },
                "west": { "texture": "#3", "uv": [ 0.0, 0.0, 0.1, 0.1 ] },
                "up": { "texture": "#3", "uv": [ 0.0, 0.0, 0.1, 0.1 ] },
                "down": { "texture": "#3", "uv": [ 6.25, 1.375, 5.625, 0.0 ] }
            }
        },
        {
            "name": "Element",
            "from": [ -2.08, 7.48, 7.28 ], 
            "to": [ 15.679999999999998, 9.16, 9.92 ], 
            "faces": {
                "north": { "texture": "#1", "uv": [ 0.0, 0.0, 0.1, 0.1 ] },
                "south": { "texture": "#1", "uv": [ 0.0, 0.0, 0.1, 0.1 ] },
                "west": { "texture": "#1", "uv": [ 0.0, 0.0, 0.1, 0.1 ] },
                "up": { "texture": "#1", "uv": [ 2.75, 7.625, 12.0, 9.0 ] },
                "down": { "texture": "#1", "uv": [ 0.0, 0.0, 0.1, 0.1 ] }
            }
        },
        {
            "name": "Element",
            "from": [ 6.32, 8.68, 7.04 ], 
            "to": [ 8.24, 11.08, 10.16 ], 
            "faces": {
                "north": { "texture": "#3", "uv": [ 0.0, 0.0, 0.1, 0.1 ] },
                "east": { "texture": "#3", "uv": [ 0.0, 0.0, 0.1, 0.1 ] },
                "south": { "texture": "#3", "uv": [ 0.0, 0.0, 0.1, 0.1 ] },
                "west": { "texture": "#3", "uv": [ 0.0, 0.0, 0.1, 0.1 ] },
                "up": { "texture": "#3", "uv": [ 0.0, 0.0, 0.1, 0.1 ] },
                "down": { "texture": "#3", "uv": [ 5.25, 0.0, 6.25, 1.0 ] }
            }
        },
        {
            "name": "Element",
            "from": [ 0.08, 11.8, 7.88 ], 
            "to": [ 0.56, 12.28, 9.56 ], 
            "faces": {
                "north": { "texture": "#1", "uv": [ 5.75, 0.125, 6.5, 1.375 ] },
                "east": { "texture": "#1", "uv": [ 5.75, 0.125, 6.375, 1.125 ] },
                "south": { "texture": "#1", "uv": [ 5.75, 0.125, 6.5, 1.375 ] },
                "west": { "texture": "#1", "uv": [ 5.75, 0.125, 6.375, 1.125 ] },
                "up": { "texture": "#1", "uv": [ 5.875, 0.0, 6.25, 0.875 ] },
                "down": { "texture": "#1", "uv": [ 5.875, 0.0, 6.25, 0.875 ] }
            }
        },
        {
            "name": "Element",
            "from": [ 7.28, 11.08, 7.76 ], 
            "to": [ 8.72, 12.04, 9.6416 ], 
            "rotation": { "origin": [ 7.28, 12.04, 7.76 ], "axis": "z", "angle": -45.0 },
            "faces": {
                "north": { "texture": "#3", "uv": [ 0.0, 0.0, 0.1, 0.1 ] },
                "east": { "texture": "#3", "uv": [ 0.0, 0.0, 0.1, 0.1 ] },
                "south": { "texture": "#3", "uv": [ 0.0, 0.0, 0.1, 0.1 ] },
                "up": { "texture": "#3", "uv": [ 0.0, 0.0, 0.1, 0.1 ] },
                "down": { "texture": "#3", "uv": [ 6.25, 1.125, 5.625, 0.5 ] }
            }
        },
        {
            "name": "Element",
            "from": [ -1.12, 11.08, 7.76 ], 
            "to": [ 7.28, 12.04, 9.68 ], 
            "faces": {
                "north": { "texture": "#3", "uv": [ 0.0, 0.0, 0.1, 0.1 ] },
                "south": { "texture": "#3", "uv": [ 0.0, 0.0, 0.1, 0.1 ] },
                "west": { "texture": "#3", "uv": [ 0.0, 1.5, 4.375, 2.625 ] },
                "up": { "texture": "#3", "uv": [ 0.0, 0.0, 0.1, 0.1 ] },
                "down": { "texture": "#3", "uv": [ 12.75, 8.8125, 8.375, 7.875 ] }
            }
        },
        {
            "name": "Element",
            "from": [ 2.96, 11.8, 7.88 ], 
            "to": [ 3.44, 12.28, 9.56 ], 
            "faces": {
                "north": { "texture": "#1", "uv": [ 6.25, 0.125, 5.625, 1.0 ] },
                "east": { "texture": "#1", "uv": [ 5.625, 0.25, 6.125, 1.875 ] },
                "south": { "texture": "#1", "uv": [ 6.25, 0.125, 5.625, 1.0 ] },
                "west": { "texture": "#1", "uv": [ 5.625, 0.25, 6.125, 1.875 ] },
                "up": { "texture": "#1", "uv": [ 6.125, 0.25, 5.875, 1.25 ] },
                "down": { "texture": "#1", "uv": [ 6.125, 0.25, 5.875, 1.25 ] }
            }
        },
        {
            "name": "Element",
            "from": [ 5.6768, 11.8768, 7.7504 ], 
            "to": [ 7.5584, 12.3568, 9.6704 ], 
            "faces": {
                "north": { "texture": "#3", "uv": [ 0.0, 0.0, 0.1, 0.1 ] },
                "east": { "texture": "#3", "uv": [ 0.0, 0.0, 0.1, 0.1 ] },
                "south": { "texture": "#3", "uv": [ 0.0, 0.0, 0.1, 0.1 ] },
                "west": { "texture": "#3", "uv": [ 0.0, 0.0, 0.1, 0.1 ] },
                "up": { "texture": "#3", "uv": [ 0.0, 0.0, 0.1, 0.1 ] },
                "down": { "texture": "#3", "uv": [ 5.75, 0.25, 6.5, 1.25 ] }
            }
        },
        {
            "name": "Element",
            "from": [ 1.04, 11.8, 7.88 ], 
            "to": [ 1.52, 12.28, 9.56 ], 
            "faces": {
                "north": { "texture": "#1", "uv": [ 5.625, 0.125, 6.125, 1.5 ] },
                "east": { "texture": "#1", "uv": [ 5.625, 0.125, 6.25, 1.125 ] },
                "south": { "texture": "#1", "uv": [ 5.625, 0.125, 6.125, 1.5 ] },
                "west": { "texture": "#1", "uv": [ 5.625, 0.125, 6.25, 1.125 ] },
                "up": { "texture": "#1", "uv": [ 5.75, 0.25, 6.125, 1.375 ] },
                "down": { "texture": "#1", "uv": [ 5.75, 0.25, 6.125, 1.375 ] }
            }
        },
        {
            "name": "Element",
            "from": [ 2.0, 11.8, 7.88 ], 
            "to": [ 2.48, 12.28, 9.56 ], 
            "faces": {
                "north": { "texture": "#1", "uv": [ 5.75, 0.125, 6.125, 1.375 ] },
                "east": { "texture": "#1", "uv": [ 5.75, 0.125, 6.125, 1.5 ] },
                "south": { "texture": "#1", "uv": [ 5.75, 0.125, 6.125, 1.375 ] },
                "west": { "texture": "#1", "uv": [ 5.75, 0.125, 6.125, 1.5 ] },
                "up": { "texture": "#1", "uv": [ 5.875, 0.0, 6.25, 1.25 ] },
                "down": { "texture": "#1", "uv": [ 5.875, 0.0, 6.25, 1.25 ] }
            }
        },
        {
            "name": "Element",
            "from": [ 3.92, 11.8, 7.88 ], 
            "to": [ 4.4, 12.28, 9.56 ], 
            "faces": {
                "north": { "texture": "#1", "uv": [ 5.75, 0.25, 6.375, 1.375 ] },
                "east": { "texture": "#1", "uv": [ 5.75, 0.375, 6.125, 1.125 ] },
                "south": { "texture": "#1", "uv": [ 5.75, 0.25, 6.375, 1.375 ] },
                "west": { "texture": "#1", "uv": [ 5.75, 0.375, 6.125, 1.125 ] },
                "up": { "texture": "#1", "uv": [ 5.75, 0.25, 6.25, 1.375 ] },
                "down": { "texture": "#1", "uv": [ 5.75, 0.25, 6.25, 1.375 ] }
            }
        },
        {
            "name": "Element",
            "from": [ 4.88, 11.8, 7.88 ], 
            "to": [ 5.36, 12.28, 9.56 ], 
            "faces": {
                "north": { "texture": "#1", "uv": [ 5.625, 0.25, 6.25, 1.125 ] },
                "east": { "texture": "#1", "uv": [ 5.875, 0.125, 6.5, 1.25 ] },
                "south": { "texture": "#1", "uv": [ 5.625, 0.25, 6.25, 1.125 ] },
                "west": { "texture": "#1", "uv": [ 5.875, 0.125, 6.5, 1.25 ] },
                "up": { "texture": "#1", "uv": [ 6.0, 0.0, 6.0, 0.25 ] },
                "down": { "texture": "#1", "uv": [ 6.0, 0.0, 6.0, 0.25 ] }
            }
        },
        {
            "name": "Element",
            "from": [ 5.84, 11.896, 7.8464 ], 
            "to": [ 6.32, 12.28, 8.6144 ], 
            "faces": {
                "north": { "texture": "#4", "uv": [ 0.0, 0.0, 0.0, 0.0 ] },
                "east": { "texture": "#4", "uv": [ 0.0, 0.0, 0.0, 0.0 ] },
                "south": { "texture": "#4", "uv": [ 0.0, 0.0, 0.0, 0.0 ] },
                "west": { "texture": "#4", "uv": [ 0.0, 0.0, 0.0, 0.0 ] },
                "up": { "texture": "#4", "uv": [ 0.0, 0.0, 0.0, 0.0 ] },
                "down": { "texture": "#4", "uv": [ 0.0, 0.0, 0.0, 0.0 ] }
            }
        },
        {
            "name": "Element",
            "from": [ 6.8, 11.896, 7.8464 ], 
            "to": [ 7.28, 12.28, 8.6144 ], 
            "faces": {
                "north": { "texture": "#4", "uv": [ 0.0, 0.0, 0.0, 0.0 ] },
                "east": { "texture": "#4", "uv": [ 0.0, 0.0, 0.0, 0.0 ] },
                "south": { "texture": "#4", "uv": [ 0.0, 0.0, 0.0, 0.0 ] },
                "west": { "texture": "#4", "uv": [ 0.0, 0.0, 0.0, 0.0 ] },
                "up": { "texture": "#4", "uv": [ 0.0, 0.0, 0.0, 0.0 ] },
                "down": { "texture": "#4", "uv": [ 0.0, 0.0, 0.0, 0.0 ] }
            }
        },
        {
            "name": "Element",
            "from": [ 5.36, 12.04, 8.096 ], 
            "to": [ 6.8, 12.76, 9.296 ], 
            "faces": {
                "north": { "texture": "#3", "uv": [ 0.0, 0.0, 0.1, 0.1 ] },
                "east": { "texture": "#3", "uv": [ 0.0, 0.0, 0.1, 0.1 ] },
                "south": { "texture": "#3", "uv": [ 0.0, 0.0, 0.1, 0.1 ] },
                "west": { "texture": "#3", "uv": [ 0.0, 0.0, 0.1, 0.1 ] },
                "up": { "texture": "#3", "uv": [ 0.0, 0.0, 0.1, 0.1 ] }
            }
        },
        {
            "name": "Element",
            "from": [ 5.6, 12.04, 8.336 ], 
            "to": [ 6.32, 13.24, 8.576 ], 
            "faces": {
                "north": { "texture": "#5", "uv": [ 0.0, 0.0, 0.1, 0.1 ] },
                "east": { "texture": "#5", "uv": [ 0.0, 0.0, 0.1, 0.1 ] },
                "south": { "texture": "#5", "uv": [ 0.0, 0.0, 0.1, 0.1 ] },
                "west": { "texture": "#5", "uv": [ 0.0, 0.0, 0.1, 0.1 ] },
                "up": { "texture": "#5", "uv": [ 0.0, 0.0, 0.1, 0.1 ] }
            }
        },
        {
            "name": "Element",
            "from": [ -0.6592, 11.4928, 7.7504 ], 
            "to": [ 0.30079999999999996, 12.6928, 9.6704 ], 
            "faces": {
                "north": { "texture": "#3", "uv": [ 0.0, 15.5, 0.625, 16.0 ] },
                "east": { "texture": "#3", "uv": [ 0.0, 15.5, 0.75, 16.0 ] },
                "south": { "texture": "#3", "uv": [ 0.0, 15.5, 0.625, 16.0 ] },
                "west": { "texture": "#3", "uv": [ 0.0, 15.5, 0.75, 16.0 ] },
                "up": { "texture": "#3", "uv": [ 0.0, 15.5, 0.625, 16.0 ] },
                "down": { "texture": "#3", "uv": [ 0.0, 15.5, 0.625, 16.0 ] }
            }
        },
        {
            "name": "Element",
            "from": [ -0.4, 12.04, 8.336 ], 
            "to": [ 0.08000000000000002, 13.24, 8.576 ], 
            "rotation": { "origin": [ -0.4, 13.24, 8.336 ], "axis": "x", "angle": 22.5 },
            "faces": {
                "north": { "texture": "#5", "uv": [ 0.0, 0.0, 0.1, 0.1 ] },
                "east": { "texture": "#5", "uv": [ 0.0, 0.0, 0.1, 0.1 ] },
                "south": { "texture": "#5", "uv": [ 0.0, 0.0, 0.1, 0.1 ] },
                "west": { "texture": "#5", "uv": [ 0.0, 0.0, 0.1, 0.1 ] },
                "up": { "texture": "#5", "uv": [ 0.0, 0.0, 0.1, 0.1 ] }
            }
        },
        {
            "name": "Element",
            "from": [ -0.4, 11.944, 8.8832 ], 
            "to": [ 0.08000000000000002, 13.144, 9.1232 ], 
            "rotation": { "origin": [ -0.4, 13.144, 8.8832 ], "axis": "x", "angle": -22.5 },
            "faces": {
                "north": { "texture": "#5", "uv": [ 0.0, 0.0, 0.1, 0.1 ] },
                "east": { "texture": "#5", "uv": [ 0.0, 0.0, 0.1, 0.1 ] },
                "south": { "texture": "#5", "uv": [ 0.0, 0.0, 0.1, 5.125 ] },
                "west": { "texture": "#5", "uv": [ 0.0, 0.0, 0.1, 0.1 ] },
                "up": { "texture": "#5", "uv": [ 0.0, 0.0, 0.1, 0.1 ] },
                "down": { "texture": "#5", "uv": [ 14.5, 3.625, 15.375, 5.0 ] }
            }
        },
        {
            "name": "Element",
            "from": [ 5.6, 12.04, 8.7968 ], 
            "to": [ 6.32, 13.24, 9.0368 ], 
            "faces": {
                "north": { "texture": "#5", "uv": [ 0.0, 0.0, 0.1, 0.1 ] },
                "east": { "texture": "#5", "uv": [ 0.0, 0.0, 0.1, 0.1 ] },
                "south": { "texture": "#5", "uv": [ 0.0, 0.0, 0.1, 0.1 ] },
                "west": { "texture": "#5", "uv": [ 0.0, 0.0, 0.1, 0.1 ] },
                "up": { "texture": "#5", "uv": [ 0.0, 0.0, 0.1, 0.1 ] }
            }
        },
        {
            "name": "Element",
            "from": [ 15.68, 4.36, 7.2608 ], 
            "to": [ 21.44, 9.4, 9.9008 ], 
            "faces": {
                "north": { "texture": "#1", "uv": [ 0.0, 0.0, 0.1, 0.1 ] },
                "east": { "texture": "#1", "uv": [ 0.0, 0.0, 0.1, 0.1 ] },
                "south": { "texture": "#1", "uv": [ 0.0, 0.0, 0.1, 0.1 ] },
                "west": { "texture": "#1", "uv": [ 0.0, 0.0, 0.1, 0.1 ] },
                "up": { "texture": "#1", "uv": [ 0.0, 0.0, 0.1, 0.1 ] },
                "down": { "texture": "#1", "uv": [ 5.25, 13.25, 6.125, 14.625 ] }
            }
        },
        {
            "name": "Element",
            "from": [ 15.92, 9.16, 7.76 ], 
            "to": [ 21.44, 10.6, 8.48 ], 
            "rotation": { "origin": [ 15.92, 10.6, 7.76 ], "axis": "x", "angle": 22.5 },
            "faces": {
                "north": { "texture": "#1", "uv": [ 0.0, 0.0, 0.1, 0.1 ] },
                "east": { "texture": "#1", "uv": [ 0.0, 0.0, 0.1, 0.1 ] },
                "south": { "texture": "#1", "uv": [ 6.375, 10.625, 0.5, 10.75 ] },
                "west": { "texture": "#1", "uv": [ 0.0, 0.0, 0.1, 0.1 ] },
                "up": { "texture": "#1", "uv": [ 12.0, 9.0, 15.0, 9.375 ] },
                "down": { "texture": "#1", "uv": [ 4.0, 9.375, 1.0, 9.0 ] }
            }
        },
        {
            "name": "Element",
            "from": [ 15.92, 9.16, 7.76 ], 
            "to": [ 21.44, 10.6, 9.44 ], 
            "faces": {
                "north": { "texture": "#1", "uv": [ 0.0, 0.0, 0.1, 0.1 ] },
                "east": { "texture": "#1", "uv": [ 0.0, 0.0, 0.1, 0.1 ] },
                "south": { "texture": "#1", "uv": [ 0.0, 0.0, 0.1, 0.1 ] },
                "west": { "texture": "#1", "uv": [ 2.75, 3.75, 3.125, 4.5 ] },
                "up": { "texture": "#1", "uv": [ 0.0, 0.0, 0.1, 0.1 ] },
                "down": { "texture": "#1", "uv": [ 4.0, 9.375, 1.0, 9.0 ] }
            }
        }
    ]
}