{
    "__comment": "Model generated using MrCrayfish's Model Creator (https://mrcrayfish.com/tools?id=mc)",
    "textures": {
        "0": "blocks/missiles/missile_conventional"
    },
    "elements": [
        {
            "name": "adjust1",
            "from": [ 5.5, -8, 5.5 ], 
            "to": [ 10.5, 0, 10.5 ], 
            "faces": {
                "north": { "texture": "#0", "uv": [ 0, 8.4, 1.25, 10.3 ] },
                "east": { "texture": "#0", "uv": [ 0, 8.4, 1.25, 10.3 ] },
                "south": { "texture": "#0", "uv": [ 0, 8.4, 1.25, 10.3 ] },
                "west": { "texture": "#0", "uv": [ 0, 8.4, 1.25, 10.3 ] },
                "up": { "texture": "#0", "uv": [ 1.3, 7.2, 2.5, 8.4 ] },
                "down": { "texture": "#0", "uv": [ 2.5, 7.2, 3.7, 8.3 ] }
            }
        },
        {
            "name": "adjust2",
            "from": [ 6.5, -4, 6.5 ], 
            "to": [ 9.5, 17, 9.5 ], 
            "rotation": { "origin": [ 8.0, 8.0, 8.0 ], "axis": "y", "angle": 45.0 },
            "faces": {
                "north": { "texture": "#0", "uv": [ 2.3, 1.7, 2.9, 6.6 ] },
                "east": { "texture": "#0", "uv": [ 1.5, 1.7, 2.1, 6.6 ] },
                "south": { "texture": "#0", "uv": [ 2.3, 1.7, 2.9, 6.6 ] },
                "west": { "texture": "#0", "uv": [ 1.5, 1.7, 2.1, 6.6 ] },
                "up": { "texture": "#0", "uv": [ 0, 0, 3, 3 ] },
                "down": { "texture": "#0", "uv": [ 0, 0, 3, 3 ] }
            }
        },
        {
            "name": "Cube",
            "from": [ 6, 17, 6 ], 
            "to": [ 10, 19, 10 ], 
            "faces": {
                "north": { "texture": "#0", "uv": [ 0, 11.8, 4, 12.1 ] },
                "east": { "texture": "#0", "uv": [ 0, 11.8, 4, 12.1 ] },
                "south": { "texture": "#0", "uv": [ 0, 11.8, 4, 12.1 ] },
                "west": { "texture": "#0", "uv": [ 0, 11.8, 1, 12.1 ] },
                "up": { "texture": "#0", "uv": [ 1, 11.6, 2, 11.6 ] },
                "down": { "texture": "#0", "uv": [ 0, 11.7, 4, 11.7 ] }
            }
        },
        {
            "name": "Cube",
            "from": [ 6.5, 19, 6.5 ], 
            "to": [ 9.5, 20, 9.5 ], 
            "faces": {
                "north": { "texture": "#0", "uv": [ 1, 11.6, 2, 11.6 ] },
                "east": { "texture": "#0", "uv": [ 1, 11.6, 2, 11.6 ] },
                "south": { "texture": "#0", "uv": [ 1, 11.6, 2, 11.6 ] },
                "west": { "texture": "#0", "uv": [ 1, 11.6, 2, 11.6 ] },
                "up": { "texture": "#0", "uv": [ 1, 11.6, 2, 11.6 ] },
                "down": { "texture": "#0", "uv": [ 0, 0, 3, 3 ] }
            }
        },
        {
            "name": "Cube",
            "from": [ 7, 20, 7 ], 
            "to": [ 9, 21, 9 ], 
            "faces": {
                "north": { "texture": "#0", "uv": [ 1, 11.6, 2, 11.6 ] },
                "east": { "texture": "#0", "uv": [ 1, 11.6, 2, 11.6 ] },
                "south": { "texture": "#0", "uv": [ 1, 11.6, 2, 11.6 ] },
                "west": { "texture": "#0", "uv": [ 1, 11.6, 2, 11.6 ] },
                "up": { "texture": "#0", "uv": [ 1, 11.6, 2, 11.6 ] },
                "down": { "texture": "#0", "uv": [ 0, 0, 2, 2 ] }
            }
        },
        {
            "name": "green1",
            "from": [ 3.5, -8, 7.5 ], 
            "to": [ 5.5, -1.8, 8.5 ], 
            "faces": {
                "north": { "texture": "#0", "uv": [ 4, 5, 5, 6.3 ] },
                "east": { "texture": "#0", "uv": [ 4, 5, 5, 6.3 ] },
                "south": { "texture": "#0", "uv": [ 4, 5, 5, 6.3 ] },
                "west": { "texture": "#0", "uv": [ 4, 5, 5, 6.3 ] },
                "up": { "texture": "#0", "uv": [ 4, 5, 5, 6.3 ] },
                "down": { "texture": "#0", "uv": [ 4, 5, 5, 6.3 ] }
            }
        },
        {
            "name": "green2",
            "from": [ 10.5, -8, 7.5 ], 
            "to": [ 12.5, -1.7, 8.5 ], 
            "faces": {
                "north": { "texture": "#0", "uv": [ 4, 5, 5, 6.3 ] },
                "east": { "texture": "#0", "uv": [ 4, 5, 5, 6.3 ] },
                "south": { "texture": "#0", "uv": [ 4, 5, 5, 6.3 ] },
                "west": { "texture": "#0", "uv": [ 4, 5, 5, 6.3 ] },
                "up": { "texture": "#0", "uv": [ 4, 5, 5, 6.3 ] },
                "down": { "texture": "#0", "uv": [ 4, 5, 5, 6.3 ] }
            }
        },
        {
            "name": "green3",
            "from": [ 4.7, 10, 7.5 ], 
            "to": [ 6.7, 15, 8.5 ], 
            "faces": {
                "north": { "texture": "#0", "uv": [ 4, 5, 5, 6.3 ] },
                "east": { "texture": "#0", "uv": [ 4, 5, 5, 6.3 ] },
                "south": { "texture": "#0", "uv": [ 4, 5, 5, 6.3 ] },
                "west": { "texture": "#0", "uv": [ 4, 5, 5, 6.3 ] },
                "up": { "texture": "#0", "uv": [ 4, 5, 5, 6.3 ] },
                "down": { "texture": "#0", "uv": [ 4, 5, 5, 6.3 ] }
            }
        },
        {
            "name": "green4",
            "from": [ 9.3, 10, 7.5 ], 
            "to": [ 11.3, 15, 8.5 ], 
            "faces": {
                "north": { "texture": "#0", "uv": [ 4, 5, 5, 6.3 ] },
                "east": { "texture": "#0", "uv": [ 4, 5, 5, 6.3 ] },
                "south": { "texture": "#0", "uv": [ 4, 5, 5, 6.3 ] },
                "west": { "texture": "#0", "uv": [ 4, 5, 5, 6.3 ] },
                "up": { "texture": "#0", "uv": [ 4, 5, 5, 6.3 ] },
                "down": { "texture": "#0", "uv": [ 4, 5, 5, 6.3 ] }
            }
        },
        {
            "name": "green5",
            "from": [ 7.5, -8, 10.5 ], 
            "to": [ 8.5, -1.7, 12.5 ], 
            "faces": {
                "north": { "texture": "#0", "uv": [ 4, 5, 5, 6.3 ] },
                "east": { "texture": "#0", "uv": [ 4, 5, 5, 6.3 ] },
                "south": { "texture": "#0", "uv": [ 4, 5, 5, 6.3 ] },
                "west": { "texture": "#0", "uv": [ 4, 5, 5, 6.3 ] },
                "up": { "texture": "#0", "uv": [ 4, 5, 5, 6.3 ] },
                "down": { "texture": "#0", "uv": [ 4, 5, 5, 6.3 ] }
            }
        },
        {
            "name": "green6",
            "from": [ 7.5, -8, 3.5 ], 
            "to": [ 8.5, -1.7, 5.5 ], 
            "faces": {
                "north": { "texture": "#0", "uv": [ 4, 5, 5, 6.3 ] },
                "east": { "texture": "#0", "uv": [ 4, 5, 5, 6.3 ] },
                "south": { "texture": "#0", "uv": [ 4, 5, 5, 6.3 ] },
                "west": { "texture": "#0", "uv": [ 4, 5, 5, 6.3 ] },
                "up": { "texture": "#0", "uv": [ 4, 5, 5, 6.3 ] },
                "down": { "texture": "#0", "uv": [ 4, 5, 5, 6.3 ] }
            }
        },
        {
            "name": "Cube",
            "from": [ 7.5, -2, 9.1 ], 
            "to": [ 8.5, 0, 13.2 ], 
            "rotation": { "origin": [ 8.0, 0.0, 10.799999982118607 ], "axis": "x", "angle": 45.0 },
            "faces": {
                "north": { "texture": "#0", "uv": [ 4, 5, 5, 6.3 ] },
                "east": { "texture": "#0", "uv": [ 4, 5, 5, 6.3 ] },
                "south": { "texture": "#0", "uv": [ 4, 5, 5, 6.3 ] },
                "west": { "texture": "#0", "uv": [ 4, 5, 5, 6.3 ] },
                "up": { "texture": "#0", "uv": [ 4, 5, 5, 6.3 ] },
                "down": { "texture": "#0", "uv": [ 4, 5, 5, 6.3 ] }
            }
        },
        {
            "name": "Cube",
            "from": [ 7.5, -2, 9.1 ], 
            "to": [ 8.5, 0, 13.2 ], 
            "rotation": { "origin": [ 8.0, -7.6999999806284904, 8.399999976158142 ], "axis": "x", "angle": -45.0 },
            "faces": {
                "north": { "texture": "#0", "uv": [ 4, 5, 5, 6.3 ] },
                "east": { "texture": "#0", "uv": [ 4, 5, 5, 6.3 ] },
                "south": { "texture": "#0", "uv": [ 4, 5, 5, 6.3 ] },
                "west": { "texture": "#0", "uv": [ 4, 5, 5, 6.3 ] },
                "up": { "texture": "#0", "uv": [ 4, 5, 5, 6.3 ] },
                "down": { "texture": "#0", "uv": [ 4, 5, 5, 6.3 ] }
            }
        },
        {
            "name": "Cube",
            "from": [ 10.5, -6.3, 7.5 ], 
            "to": [ 12.5, -2.3, 8.5 ], 
            "rotation": { "origin": [ 7.0, -4.0, 8.0 ], "axis": "z", "angle": 45.0 },
            "faces": {
                "north": { "texture": "#0", "uv": [ 4, 5, 5, 6.3 ] },
                "east": { "texture": "#0", "uv": [ 4, 5, 5, 6.3 ] },
                "south": { "texture": "#0", "uv": [ 4, 5, 5, 6.3 ] },
                "west": { "texture": "#0", "uv": [ 4, 5, 5, 6.3 ] },
                "up": { "texture": "#0", "uv": [ 4, 5, 5, 6.3 ] },
                "down": { "texture": "#0", "uv": [ 4, 5, 5, 6.3 ] }
            }
        },
        {
            "name": "Cube",
            "from": [ 10.4, -6.3, 7.5 ], 
            "to": [ 12, -2.3, 8.5 ], 
            "rotation": { "origin": [ 12.400000020861626, 4.200000002980232, 8.100000001490116 ], "axis": "z", "angle": -45.0 },
            "faces": {
                "north": { "texture": "#0", "uv": [ 4, 5, 5, 6.3 ] },
                "east": { "texture": "#0", "uv": [ 4, 5, 5, 6.3 ] },
                "south": { "texture": "#0", "uv": [ 4, 5, 5, 6.3 ] },
                "west": { "texture": "#0", "uv": [ 4, 5, 5, 6.3 ] },
                "up": { "texture": "#0", "uv": [ 4, 5, 5, 6.3 ] },
                "down": { "texture": "#0", "uv": [ 4, 5, 5, 6.3 ] }
            }
        },
        {
            "name": "Cube",
            "from": [ 7, 10.1, 7.5 ], 
            "to": [ 9, 12.5, 8.5 ], 
            "rotation": { "origin": [ 11.700000010430813, 15.300000004470348, 8.0 ], "axis": "z", "angle": -45.0 },
            "faces": {
                "north": { "texture": "#0", "uv": [ 4, 5, 5, 6.3 ] },
                "east": { "texture": "#0", "uv": [ 4, 5, 5, 6.3 ] },
                "south": { "texture": "#0", "uv": [ 4, 5, 5, 6.3 ] },
                "west": { "texture": "#0", "uv": [ 4, 5, 5, 6.3 ] },
                "up": { "texture": "#0", "uv": [ 4, 5, 5, 6.3 ] },
                "down": { "texture": "#0", "uv": [ 4, 5, 5, 6.3 ] }
            }
        },
        {
            "name": "Cube",
            "from": [ 11.4, 10, 7.5 ], 
            "to": [ 13.4, 12.4, 8.5 ], 
            "rotation": { "origin": [ 6.3000000193715096, 10.0, 8.899999998509884 ], "axis": "z", "angle": 45.0 },
            "faces": {
                "north": { "texture": "#0", "uv": [ 4, 5, 5, 6.3 ] },
                "east": { "texture": "#0", "uv": [ 4, 5, 5, 6.3 ] },
                "south": { "texture": "#0", "uv": [ 4, 5, 5, 6.3 ] },
                "west": { "texture": "#0", "uv": [ 4, 5, 5, 6.3 ] },
                "up": { "texture": "#0", "uv": [ 4, 5, 5, 6.3 ] },
                "down": { "texture": "#0", "uv": [ 4, 5, 5, 6.3 ] }
            }
        },
        {
            "name": "Cube",
            "from": [ 7.4, 10, 8.5 ], 
            "to": [ 8.4, 15, 11.5 ], 
            "faces": {
                "north": { "texture": "#0", "uv": [ 4, 5, 5, 6.3 ] },
                "east": { "texture": "#0", "uv": [ 4, 5, 5, 6.3 ] },
                "south": { "texture": "#0", "uv": [ 4, 5, 5, 6.3 ] },
                "west": { "texture": "#0", "uv": [ 4, 5, 5, 6.3 ] },
                "up": { "texture": "#0", "uv": [ 4, 5, 5, 6.3 ] },
                "down": { "texture": "#0", "uv": [ 4, 5, 5, 6.3 ] }
            }
        },
        {
            "name": "Cube",
            "from": [ 7.4, 10, 4.5 ], 
            "to": [ 8.4, 15, 7.5 ], 
            "faces": {
                "north": { "texture": "#0", "uv": [ 4, 5, 5, 6.3 ] },
                "east": { "texture": "#0", "uv": [ 4, 5, 5, 6.3 ] },
                "south": { "texture": "#0", "uv": [ 4, 5, 5, 6.3 ] },
                "west": { "texture": "#0", "uv": [ 4, 5, 5, 6.3 ] },
                "up": { "texture": "#0", "uv": [ 4, 5, 5, 6.3 ] },
                "down": { "texture": "#0", "uv": [ 4, 5, 5, 6.3 ] }
            }
        },
        {
            "name": "Cube",
            "from": [ 7.4, 12.1, 4.5 ], 
            "to": [ 8.4, 15.1, 7.5 ], 
            "rotation": { "origin": [ 8.0, 13.50000000745058, 8.0 ], "axis": "x", "angle": 45.0 },
            "faces": {
                "north": { "texture": "#0", "uv": [ 4, 5, 5, 6.3 ] },
                "east": { "texture": "#0", "uv": [ 4, 5, 5, 6.3 ] },
                "south": { "texture": "#0", "uv": [ 4, 5, 5, 6.3 ] },
                "west": { "texture": "#0", "uv": [ 4, 5, 5, 6.3 ] },
                "up": { "texture": "#0", "uv": [ 4, 5, 5, 6.3 ] },
                "down": { "texture": "#0", "uv": [ 4, 5, 5, 6.3 ] }
            }
        },
        {
            "name": "Cube",
            "from": [ 7.4, 12.6, 4.6 ], 
            "to": [ 8.4, 14.6, 7.6 ], 
            "rotation": { "origin": [ 8.0, 18.599999994039536, 6.599999979138374 ], "axis": "x", "angle": -45.0 },
            "faces": {
                "north": { "texture": "#0", "uv": [ 4, 5, 5, 6.3 ] },
                "east": { "texture": "#0", "uv": [ 4, 5, 5, 6.3 ] },
                "south": { "texture": "#0", "uv": [ 4, 5, 5, 6.3 ] },
                "west": { "texture": "#0", "uv": [ 4, 5, 5, 6.3 ] },
                "up": { "texture": "#0", "uv": [ 4, 5, 5, 6.3 ] },
                "down": { "texture": "#0", "uv": [ 4, 5, 5, 6.3 ] }
            }
        }
    ]
}