{
    "__comment": "Model generated using MrCrayfish's Model Creator (http://mrcrayfish.com/modelcreator/)",
    "textures": {
        "0": "blocks/cauldron_bottom",
        "1": "blocks/cauldron_inner",
        "2": "blocks/planks_big_oak",
        "3": "blocks/anvil_base",
        "4": "blocks/wool_colored_black"
    },
    "elements": [
        {
            "name": "Cube",
            "from": [ -15.899999998509884, 5.0, 7.0 ], 
            "to": [ -12.899999998509884, 5.799999997019768, 7.799999997019768 ], 
            "faces": {
                "north": { "texture": "#0", "uv": [ 0.0, 0.0, 0.09999998658895493, 0.09999998658895493 ] },
                "east": { "texture": "#0", "uv": [ 0.0, 0.0, 0.09999998658895493, 0.09999998658895493 ] },
                "south": { "texture": "#0", "uv": [ 0.0, 0.0, 0.09999998658895493, 0.09999998658895493 ] },
                "west": { "texture": "#0", "uv": [ 0.0, 0.0, 0.09999998658895493, 0.09999998658895493 ] },
                "up": { "texture": "#0", "uv": [ 0.0, 0.0, 0.09999998658895493, 0.09999998658895493 ] },
                "down": { "texture": "#0", "uv": [ 0.0, 0.0, 0.1, 0.1 ] }
            }
        },
        {
            "name": "Cube",
            "from": [ -12.900000013411045, 5.100000001490116, 7.100000001490116 ], 
            "to": [ 7.099999986588955, 5.699999995529652, 7.699999995529652 ], 
            "faces": {
                "north": { "texture": "#1", "uv": [ 0.0, 0.0, 0.09999998658895493, 0.09999998658895493 ] },
                "east": { "texture": "#1", "uv": [ 0.0, 0.0, 0.09999998658895493, 0.09999998658895493 ] },
                "south": { "texture": "#1", "uv": [ 0.0, 0.0, 0.09999998658895493, 0.09999998658895493 ] },
                "west": { "texture": "#1", "uv": [ 0.0, 0.0, 0.09999998658895493, 0.09999998658895493 ] },
                "up": { "texture": "#1", "uv": [ 0.0, 0.0, 0.09999998658895493, 0.09999998658895493 ] },
                "down": { "texture": "#1", "uv": [ 0.0, 0.0, 0.1, 0.1 ] }
            }
        },
        {
            "name": "Cube",
            "from": [ -5.200000017881393, 4.699999995529652, 7.0 ], 
            "to": [ 4.799999982118607, 6.799999982118607, 7.799999997019768 ], 
            "faces": {
                "north": { "texture": "#2", "uv": [ 0.0, 0.0, 0.09999998658895493, 0.09999998658895493 ] },
                "east": { "texture": "#2", "uv": [ 0.0, 0.0, 0.09999998658895493, 0.09999998658895493 ] },
                "south": { "texture": "#2", "uv": [ 0.0, 0.0, 0.09999998658895493, 0.09999998658895493 ] },
                "west": { "texture": "#2", "uv": [ 0.0, 0.0, 0.09999998658895493, 0.09999998658895493 ] },
                "up": { "texture": "#2", "uv": [ 0.0, 0.0, 0.09999998658895493, 0.09999998658895493 ] },
                "down": { "texture": "#2", "uv": [ 0.0, 0.0, 0.1, 0.1 ] }
            }
        },
        {
            "name": "Cube",
            "from": [ -6.200000017881393, 5.200000002980232, 6.499999992549419 ], 
            "to": [ 4.799999982118607, 5.699999995529652, 8.299999989569187 ], 
            "faces": {
                "north": { "texture": "#2", "uv": [ 0.0, 0.0, 0.09999998658895493, 0.09999998658895493 ] },
                "east": { "texture": "#2", "uv": [ 0.0, 0.0, 0.09999998658895493, 0.09999998658895493 ] },
                "south": { "texture": "#2", "uv": [ 0.0, 0.0, 0.09999998658895493, 0.09999998658895493 ] },
                "west": { "texture": "#2", "uv": [ 0.0, 0.0, 0.09999998658895493, 0.09999998658895493 ] },
                "up": { "texture": "#2", "uv": [ 0.0, 0.0, 0.09999998658895493, 0.09999998658895493 ] },
                "down": { "texture": "#2", "uv": [ 0.0, 0.0, 11.0, 1.7999999970197678 ] }
            }
        },
        {
            "name": "Cube",
            "from": [ -5.200000017881393, 5.200000002980232, 7.399999991059303 ], 
            "to": [ 4.799999982118607, 6.4000000059604645, 8.299999989569187 ], 
            "rotation": { "origin": [ 8.0, 5.399999991059303, 7.100000001490116 ], "axis": "x", "angle": -22.5 },
            "faces": {
                "north": { "texture": "#2", "uv": [ 0.0, 0.0, 0.09999998658895493, 0.09999998658895493 ] },
                "east": { "texture": "#2", "uv": [ 0.0, 0.0, 0.09999998658895493, 0.09999998658895493 ] },
                "south": { "texture": "#2", "uv": [ 0.0, 0.0, 0.09999998658895493, 0.09999998658895493 ] },
                "west": { "texture": "#2", "uv": [ 0.0, 0.0, 0.09999998658895493, 0.09999998658895493 ] },
                "up": { "texture": "#2", "uv": [ 0.0, 0.0, 0.09999998658895493, 0.09999998658895493 ] },
                "down": { "texture": "#2", "uv": [ 0.0, 0.0, 10.0, 0.8999999985098839 ] }
            }
        },
        {
            "name": "Cube",
            "from": [ -5.200000017881393, 5.200000002980232, 7.399999991059303 ], 
            "to": [ 4.799999982118607, 6.4000000059604645, 8.299999989569187 ], 
            "rotation": { "origin": [ 8.0, 7.599999979138374, 8.200000017881393 ], "axis": "x", "angle": 22.5 },
            "faces": {
                "north": { "texture": "#2", "uv": [ 0.0, 0.0, 0.09999998658895493, 0.09999998658895493 ] },
                "east": { "texture": "#2", "uv": [ 0.0, 0.0, 0.09999998658895493, 0.09999998658895493 ] },
                "south": { "texture": "#2", "uv": [ 0.0, 0.0, 0.09999998658895493, 0.09999998658895493 ] },
                "west": { "texture": "#2", "uv": [ 0.0, 0.0, 0.09999998658895493, 0.09999998658895493 ] },
                "up": { "texture": "#2", "uv": [ 0.0, 0.0, 0.09999998658895493, 0.09999998658895493 ] },
                "down": { "texture": "#2", "uv": [ 0.0, 0.0, 10.0, 0.8999999985098839 ] }
            }
        },
        {
            "name": "Cube",
            "from": [ -6.200000017881393, 5.600000008940697, 7.799999997019768 ], 
            "to": [ 4.799999982118607, 6.400000020861626, 8.300000004470348 ], 
            "rotation": { "origin": [ 7.799999997019768, 5.799999997019768, 6.899999998509884 ], "axis": "x", "angle": 45.0 },
            "faces": {
                "north": { "texture": "#2", "uv": [ 0.0, 0.0, 0.09999998658895493, 0.09999998658895493 ] },
                "east": { "texture": "#2", "uv": [ 0.0, 0.0, 0.09999998658895493, 0.09999998658895493 ] },
                "south": { "texture": "#2", "uv": [ 0.0, 0.0, 0.09999998658895493, 0.09999998658895493 ] },
                "west": { "texture": "#2", "uv": [ 0.0, 0.0, 0.09999998658895493, 0.09999998658895493 ] },
                "up": { "texture": "#2", "uv": [ 0.0, 0.0, 0.09999998658895493, 0.09999998658895493 ] },
                "down": { "texture": "#2", "uv": [ 0.0, 0.0, 11.0, 0.5000000074505806 ] }
            }
        },
        {
            "name": "Cube",
            "from": [ -6.200000017881393, 5.700000010430813, 7.799999997019768 ], 
            "to": [ 4.799999982118607, 6.400000020861626, 8.300000004470348 ], 
            "rotation": { "origin": [ 8.0, 4.200000002980232, 8.600000008940697 ], "axis": "x", "angle": -45.0 },
            "faces": {
                "north": { "texture": "#2", "uv": [ 0.0, 0.0, 0.09999998658895493, 0.09999998658895493 ] },
                "east": { "texture": "#2", "uv": [ 0.0, 0.0, 0.09999998658895493, 0.09999998658895493 ] },
                "south": { "texture": "#2", "uv": [ 0.0, 0.0, 0.09999998658895493, 0.09999998658895493 ] },
                "west": { "texture": "#2", "uv": [ 0.0, 0.0, 0.09999998658895493, 0.09999998658895493 ] },
                "up": { "texture": "#2", "uv": [ 0.0, 0.0, 0.09999998658895493, 0.09999998658895493 ] },
                "down": { "texture": "#2", "uv": [ 0.0, 0.0, 11.0, 0.5000000074505806 ] }
            }
        },
        {
            "name": "Cube",
            "from": [ 4.799999967217445, 4.899999998509884, 6.699999995529652 ], 
            "to": [ 5.499999962747097, 6.5999999940395355, 8.100000001490116 ], 
            "faces": {
                "north": { "texture": "#0", "uv": [ 0.0, 0.0, 0.09999998658895493, 0.09999998658895493 ] },
                "east": { "texture": "#0", "uv": [ 0.0, 0.0, 0.09999998658895493, 0.09999998658895493 ] },
                "south": { "texture": "#0", "uv": [ 0.0, 0.0, 0.09999998658895493, 0.09999998658895493 ] },
                "west": { "texture": "#0", "uv": [ 0.0, 0.0, 0.09999998658895493, 0.09999998658895493 ] },
                "up": { "texture": "#0", "uv": [ 0.0, 0.0, 0.09999998658895493, 0.09999998658895493 ] },
                "down": { "texture": "#0", "uv": [ 0.0, 0.0, 0.6999999955296516, 1.4000000059604645 ] }
            }
        },
        {
            "name": "Cube",
            "from": [ 5.499999962747097, 4.899999998509884, 6.799999997019768 ], 
            "to": [ 14.499999962747097, 6.499999992549419, 8.0 ], 
            "faces": {
                "north": { "texture": "#0", "uv": [ 0.0, 0.0, 0.09999998658895493, 0.09999998658895493 ] },
                "east": { "texture": "#0", "uv": [ 0.0, 0.0, 0.09999998658895493, 0.09999998658895493 ] },
                "south": { "texture": "#0", "uv": [ 0.0, 0.0, 0.09999998658895493, 0.09999998658895493 ] },
                "west": { "texture": "#0", "uv": [ 0.0, 0.0, 0.09999998658895493, 0.09999998658895493 ] },
                "up": { "texture": "#0", "uv": [ 0.0, 0.0, 0.09999998658895493, 0.09999998658895493 ] },
                "down": { "texture": "#0", "uv": [ 0.0, 0.0, 9.0, 1.2000000029802322 ] }
            }
        },
        {
            "name": "Cube",
            "from": [ 5.499999962747097, 4.200000002980232, 6.799999997019768 ], 
            "to": [ 14.499999962747097, 4.899999998509884, 8.0 ], 
            "faces": {
                "north": { "texture": "#0", "uv": [ 0.0, 0.0, 0.09999998658895493, 0.09999998658895493 ] },
                "east": { "texture": "#0", "uv": [ 0.0, 0.0, 0.09999998658895493, 0.09999998658895493 ] },
                "south": { "texture": "#0", "uv": [ 0.0, 0.0, 0.09999998658895493, 0.09999998658895493 ] },
                "west": { "texture": "#0", "uv": [ 0.0, 0.0, 0.09999998658895493, 0.09999998658895493 ] },
                "up": { "texture": "#0", "uv": [ 0.0, 0.0, 0.09999998658895493, 0.09999998658895493 ] },
                "down": { "texture": "#0", "uv": [ 0.0, 0.0, 9.0, 1.2000000029802322 ] }
            }
        },
        {
            "name": "Cube",
            "from": [ 8.499999962747097, 3.3999999910593033, 6.799999997019768 ], 
            "to": [ 12.499999962747097, 4.199999988079071, 8.0 ], 
            "faces": {
                "north": { "texture": "#0", "uv": [ 0.0, 0.0, 0.09999998658895493, 0.09999998658895493 ] },
                "east": { "texture": "#0", "uv": [ 0.0, 0.0, 0.09999998658895493, 0.09999998658895493 ] },
                "south": { "texture": "#0", "uv": [ 0.0, 0.0, 0.09999998658895493, 0.09999998658895493 ] },
                "west": { "texture": "#0", "uv": [ 0.0, 0.0, 0.09999998658895493, 0.09999998658895493 ] },
                "up": { "texture": "#0", "uv": [ 0.0, 0.0, 0.09999998658895493, 0.09999998658895493 ] },
                "down": { "texture": "#0", "uv": [ 0.0, 0.0, 0.1, 0.1 ] }
            }
        },
        {
            "name": "Cube",
            "from": [ 5.499999947845936, 5.100000001490116, 7.999999985098839 ], 
            "to": [ 13.39999994635582, 5.5999999940395355, 8.199999988079071 ], 
            "faces": {
                "north": { "texture": "#1", "uv": [ 0.0, 0.0, 0.09999998658895493, 0.09999998658895493 ] },
                "east": { "texture": "#1", "uv": [ 0.0, 0.0, 0.09999998658895493, 0.09999998658895493 ] },
                "south": { "texture": "#1", "uv": [ 0.0, 0.0, 0.09999998658895493, 0.09999998658895493 ] },
                "west": { "texture": "#1", "uv": [ 0.0, 0.0, 0.09999998658895493, 0.09999998658895493 ] },
                "up": { "texture": "#1", "uv": [ 0.0, 0.0, 0.09999998658895493, 0.09999998658895493 ] },
                "down": { "texture": "#1", "uv": [ 0.0, 0.0, 0.1, 0.1 ] }
            }
        },
        {
            "name": "Cube",
            "from": [ 5.599999949336052, -0.10000001639127731, 6.899999998509884 ], 
            "to": [ 8.39999994635582, 4.200000002980232, 7.899999998509884 ], 
            "faces": {
                "north": { "texture": "#1", "uv": [ 0.0, 0.0, 0.09999998658895493, 0.09999998658895493 ] },
                "east": { "texture": "#1", "uv": [ 0.0, 0.0, 0.09999998658895493, 0.09999998658895493 ] },
                "south": { "texture": "#1", "uv": [ 0.0, 0.0, 0.09999998658895493, 0.09999998658895493 ] },
                "west": { "texture": "#1", "uv": [ 0.0, 0.0, 0.09999998658895493, 0.09999998658895493 ] },
                "up": { "texture": "#1", "uv": [ 0.0, 0.0, 0.09999998658895493, 0.09999998658895493 ] },
                "down": { "texture": "#1", "uv": [ 0.0, 0.0, 0.1, 0.1 ] }
            }
        },
        {
            "name": "Cube",
            "from": [ 14.499999947845936, 4.0, 6.799999997019768 ], 
            "to": [ 15.499999947845936, 6.499999992549419, 8.0 ], 
            "faces": {
                "north": { "texture": "#2", "uv": [ 0.0, 0.0, 0.09999998658895493, 0.09999998658895493 ] },
                "east": { "texture": "#2", "uv": [ 0.0, 0.0, 0.09999998658895493, 0.09999998658895493 ] },
                "south": { "texture": "#2", "uv": [ 0.0, 0.0, 0.09999998658895493, 0.09999998658895493 ] },
                "west": { "texture": "#2", "uv": [ 0.0, 0.0, 0.09999998658895493, 0.09999998658895493 ] },
                "up": { "texture": "#2", "uv": [ 0.0, 0.0, 0.09999998658895493, 0.09999998658895493 ] },
                "down": { "texture": "#2", "uv": [ 0.0, 0.0, 0.1, 0.1 ] }
            }
        },
        {
            "name": "Cube",
            "from": [ 14.499999947845936, 4.099999986588955, 6.799999997019768 ], 
            "to": [ 25.09999994188547, 5.099999986588955, 8.0 ], 
            "rotation": { "origin": [ 15.0, 3.0, 8.0 ], "axis": "z", "angle": -22.5 },
            "faces": {
                "north": { "texture": "#2", "uv": [ 0.0, 0.0, 0.09999998658895493, 0.09999998658895493 ] },
                "east": { "texture": "#2", "uv": [ 0.0, 0.0, 0.09999998658895493, 0.09999998658895493 ] },
                "south": { "texture": "#2", "uv": [ 0.0, 0.0, 0.09999998658895493, 0.09999998658895493 ] },
                "west": { "texture": "#2", "uv": [ 0.0, 0.0, 0.09999998658895493, 0.09999998658895493 ] },
                "up": { "texture": "#2", "uv": [ 0.0, 0.0, 0.09999998658895493, 0.09999998658895493 ] },
                "down": { "texture": "#2", "uv": [ 0.0, 0.0, 0.1, 0.1 ] }
            }
        },
        {
            "name": "Cube",
            "from": [ 14.099999941885471, 5.100000001490116, 6.899999998509884 ], 
            "to": [ 23.499999932944775, 6.399999991059303, 7.899999998509884 ], 
            "rotation": { "origin": [ 15.0, 3.0, 8.0 ], "axis": "z", "angle": -22.5 },
            "faces": {
                "north": { "texture": "#2", "uv": [ 0.0, 0.0, 0.09999998658895493, 0.09999998658895493 ] },
                "east": { "texture": "#2", "uv": [ 0.0, 0.0, 0.09999998658895493, 0.09999998658895493 ] },
                "south": { "texture": "#2", "uv": [ 0.0, 0.0, 0.09999998658895493, 0.09999998658895493 ] },
                "west": { "texture": "#2", "uv": [ 0.0, 0.0, 0.09999998658895493, 0.09999998658895493 ] },
                "up": { "texture": "#2", "uv": [ 0.0, 0.0, 0.09999998658895493, 0.09999998658895493 ] },
                "down": { "texture": "#2", "uv": [ 0.0, 0.0, 9.399999991059303, 1.0 ] }
            }
        },
        {
            "name": "Cube",
            "from": [ 15.499999932944775, 4.300000004470348, 6.799999997019768 ], 
            "to": [ 25.09999994188547, 4.799999982118607, 8.0 ], 
            "faces": {
                "north": { "texture": "#2", "uv": [ 0.0, 0.0, 0.09999998658895493, 0.09999998658895493 ] },
                "east": { "texture": "#2", "uv": [ 0.0, 0.0, 0.09999998658895493, 0.09999998658895493 ] },
                "south": { "texture": "#2", "uv": [ 0.0, 0.0, 0.09999998658895493, 0.09999998658895493 ] },
                "west": { "texture": "#2", "uv": [ 0.0, 0.0, 0.09999998658895493, 0.09999998658895493 ] },
                "up": { "texture": "#2", "uv": [ 0.0, 0.0, 0.09999998658895493, 0.09999998658895493 ] },
                "down": { "texture": "#2", "uv": [ 0.0, 0.0, 9.600000008940697, 1.2000000029802322 ] }
            }
        },
        {
            "name": "Cube",
            "from": [ 12.499999947845936, 3.6999999955296516, 6.799999997019768 ], 
            "to": [ 14.499999947845936, 4.199999988079071, 8.0 ], 
            "faces": {
                "north": { "texture": "#0", "uv": [ 0.0, 0.0, 0.09999998658895493, 0.09999998658895493 ] },
                "east": { "texture": "#0", "uv": [ 0.0, 0.0, 0.09999998658895493, 0.09999998658895493 ] },
                "south": { "texture": "#0", "uv": [ 0.0, 0.0, 0.09999998658895493, 0.09999998658895493 ] },
                "west": { "texture": "#0", "uv": [ 0.0, 0.0, 0.09999998658895493, 0.09999998658895493 ] },
                "up": { "texture": "#0", "uv": [ 0.0, 0.0, 0.09999998658895493, 0.09999998658895493 ] },
                "down": { "texture": "#0", "uv": [ 0.0, 0.0, 2.0, 1.2000000029802322 ] }
            }
        },
        {
            "name": "Cube",
            "from": [ 23.09999994188547, 1.0000000149011612, 6.799999997019768 ], 
            "to": [ 25.09999994188547, 1.6999999955296516, 8.0 ], 
            "faces": {
                "north": { "texture": "#2", "uv": [ 0.0, 0.0, 0.09999998658895493, 0.09999998658895493 ] },
                "east": { "texture": "#2", "uv": [ 0.0, 0.0, 0.09999998658895493, 0.09999998658895493 ] },
                "south": { "texture": "#2", "uv": [ 0.0, 0.0, 0.09999998658895493, 0.09999998658895493 ] },
                "west": { "texture": "#2", "uv": [ 0.0, 0.0, 0.09999998658895493, 0.09999998658895493 ] },
                "up": { "texture": "#2", "uv": [ 0.0, 0.0, 0.09999998658895493, 0.09999998658895493 ] },
                "down": { "texture": "#2", "uv": [ 0.0, 0.0, 2.0, 1.2000000029802322 ] }
            }
        },
        {
            "name": "Cube",
            "from": [ 20.09999992698431, 2.3000000193715096, 6.799999997019768 ], 
            "to": [ 25.09999992698431, 3.100000001490116, 8.0 ], 
            "faces": {
                "north": { "texture": "#2", "uv": [ 0.0, 0.0, 0.09999998658895493, 0.09999998658895493 ] },
                "east": { "texture": "#2", "uv": [ 0.0, 0.0, 0.09999998658895493, 0.09999998658895493 ] },
                "south": { "texture": "#2", "uv": [ 0.0, 0.0, 0.09999998658895493, 0.09999998658895493 ] },
                "west": { "texture": "#2", "uv": [ 0.0, 0.0, 0.09999998658895493, 0.09999998658895493 ] },
                "up": { "texture": "#2", "uv": [ 0.0, 0.0, 0.09999998658895493, 0.09999998658895493 ] },
                "down": { "texture": "#2", "uv": [ 0.0, 0.0, 5.0, 1.2000000029802322 ] }
            }
        },
        {
            "name": "Cube",
            "from": [ 17.09999992698431, 3.600000023841858, 6.799999997019768 ], 
            "to": [ 25.09999992698431, 4.3000000193715096, 8.0 ], 
            "faces": {
                "north": { "texture": "#2", "uv": [ 0.0, 0.0, 0.09999998658895493, 0.09999998658895493 ] },
                "east": { "texture": "#2", "uv": [ 0.0, 0.0, 0.09999998658895493, 0.09999998658895493 ] },
                "south": { "texture": "#2", "uv": [ 0.0, 0.0, 0.09999998658895493, 0.09999998658895493 ] },
                "west": { "texture": "#2", "uv": [ 0.0, 0.0, 0.09999998658895493, 0.09999998658895493 ] },
                "up": { "texture": "#2", "uv": [ 0.0, 0.0, 0.09999998658895493, 0.09999998658895493 ] },
                "down": { "texture": "#2", "uv": [ 0.0, 0.0, 8.0, 1.2000000029802322 ] }
            }
        },
        {
            "name": "Cube",
            "from": [ 18.999999910593033, 3.1000000312924385, 6.800000002980232 ], 
            "to": [ 25.09999991208315, 3.6000000089406967, 8.000000005960464 ], 
            "faces": {
                "north": { "texture": "#2", "uv": [ 0.0, 0.0, 0.09999998658895493, 0.09999998658895493 ] },
                "east": { "texture": "#2", "uv": [ 0.0, 0.0, 0.09999998658895493, 0.09999998658895493 ] },
                "south": { "texture": "#2", "uv": [ 0.0, 0.0, 0.09999998658895493, 0.09999998658895493 ] },
                "west": { "texture": "#2", "uv": [ 0.0, 0.0, 0.09999998658895493, 0.09999998658895493 ] },
                "up": { "texture": "#2", "uv": [ 0.0, 0.0, 0.09999998658895493, 0.09999998658895493 ] },
                "down": { "texture": "#2", "uv": [ 0.0, 0.0, 6.100000001490116, 1.2000000029802322 ] }
            }
        },
        {
            "name": "Cube",
            "from": [ 22.199999928474426, 1.700000025331974, 6.799999997019768 ], 
            "to": [ 25.09999994188547, 2.3000000044703484, 8.0 ], 
            "faces": {
                "north": { "texture": "#2", "uv": [ 0.0, 0.0, 0.09999998658895493, 0.09999998658895493 ] },
                "east": { "texture": "#2", "uv": [ 0.0, 0.0, 0.09999998658895493, 0.09999998658895493 ] },
                "south": { "texture": "#2", "uv": [ 0.0, 0.0, 0.09999998658895493, 0.09999998658895493 ] },
                "west": { "texture": "#2", "uv": [ 0.0, 0.0, 0.09999998658895493, 0.09999998658895493 ] },
                "up": { "texture": "#2", "uv": [ 0.0, 0.0, 0.09999998658895493, 0.09999998658895493 ] },
                "down": { "texture": "#2", "uv": [ 0.0, 0.0, 2.900000013411045, 1.2000000029802322 ] }
            }
        },
        {
            "name": "Cube",
            "from": [ 15.399999916553497, 1.8000000268220901, 7.200000002980232 ], 
            "to": [ 25.09999992698431, 2.4000000059604645, 8.0 ], 
            "rotation": { "origin": [ 15.0, 3.3000000044703484, 4.4000000059604645 ], "axis": "x", "angle": -45.0 },
            "faces": {
                "north": { "texture": "#2", "uv": [ 0.0, 0.0, 0.09999998658895493, 0.09999998658895493 ] },
                "east": { "texture": "#2", "uv": [ 0.0, 0.0, 0.09999998658895493, 0.09999998658895493 ] },
                "south": { "texture": "#2", "uv": [ 0.0, 0.0, 0.09999998658895493, 0.09999998658895493 ] },
                "west": { "texture": "#2", "uv": [ 0.0, 0.0, 0.09999998658895493, 0.09999998658895493 ] },
                "up": { "texture": "#2", "uv": [ 0.0, 0.0, 0.09999998658895493, 0.09999998658895493 ] },
                "down": { "texture": "#2", "uv": [ 0.0, 0.0, 9.700000010430813, 0.7999999970197678 ] }
            }
        },
        {
            "name": "Cube",
            "from": [ 15.499999918043613, 2.0000000298023224, 7.200000002980232 ], 
            "to": [ 25.09999992698431, 2.5000000074505806, 8.0 ], 
            "rotation": { "origin": [ 8.0, 3.8999999836087227, 10.399999991059303 ], "axis": "x", "angle": 45.0 },
            "faces": {
                "north": { "texture": "#2", "uv": [ 0.0, 0.0, 0.09999998658895493, 0.09999998658895493 ] },
                "east": { "texture": "#2", "uv": [ 0.0, 0.0, 0.09999998658895493, 0.09999998658895493 ] },
                "south": { "texture": "#2", "uv": [ 0.0, 0.0, 0.09999998658895493, 0.09999998658895493 ] },
                "west": { "texture": "#2", "uv": [ 0.0, 0.0, 0.09999998658895493, 0.09999998658895493 ] },
                "up": { "texture": "#2", "uv": [ 0.0, 0.0, 0.09999998658895493, 0.09999998658895493 ] },
                "down": { "texture": "#2", "uv": [ 0.0, 0.0, 9.600000008940697, 0.7999999970197678 ] }
            }
        },
        {
            "name": "Cube",
            "from": [ 15.500000001490116, 4.6999999806284904, 7.100000001490116 ], 
            "to": [ 25.10000001043081, 5.199999958276749, 7.600000008940697 ], 
            "faces": {
                "north": { "texture": "#2", "uv": [ 0.0, 0.0, 0.09999998658895493, 0.09999998658895493 ] },
                "east": { "texture": "#2", "uv": [ 0.0, 0.0, 0.09999998658895493, 0.09999998658895493 ] },
                "south": { "texture": "#2", "uv": [ 0.0, 0.0, 0.09999998658895493, 0.09999998658895493 ] },
                "west": { "texture": "#2", "uv": [ 0.0, 0.0, 0.09999998658895493, 0.09999998658895493 ] },
                "up": { "texture": "#2", "uv": [ 0.0, 0.0, 0.09999998658895493, 0.09999998658895493 ] },
                "down": { "texture": "#2", "uv": [ 0.0, 0.0, 9.600000008940697, 0.5000000074505806 ] }
            }
        },
        {
            "name": "Cube",
            "from": [ 12.499999947845936, -0.30000000447034836, 7.0 ], 
            "to": [ 14.199999943375587, 2.7999999821186066, 7.799999997019768 ], 
            "rotation": { "origin": [ 10.0, 3.0, 8.0 ], "axis": "z", "angle": 22.5 },
            "faces": {
                "north": { "texture": "#2", "uv": [ 0.0, 0.0, 0.09999998658895493, 0.09999998658895493 ] },
                "east": { "texture": "#2", "uv": [ 0.0, 0.0, 0.09999998658895493, 0.09999998658895493 ] },
                "south": { "texture": "#2", "uv": [ 0.0, 0.0, 0.09999998658895493, 0.09999998658895493 ] },
                "west": { "texture": "#2", "uv": [ 0.0, 0.0, 0.09999998658895493, 0.09999998658895493 ] },
                "up": { "texture": "#2", "uv": [ 0.0, 0.0, 0.09999998658895493, 0.09999998658895493 ] },
                "down": { "texture": "#2", "uv": [ 0.0, 0.0, 0.1, 0.1 ] }
            }
        },
        {
            "name": "Cube",
            "from": [ 12.699999950826168, -0.10000000149011612, 6.899999998509884 ], 
            "to": [ 13.999999940395355, 2.6999999806284904, 7.899999998509884 ], 
            "rotation": { "origin": [ 10.0, 3.0, 8.0 ], "axis": "z", "angle": 22.5 },
            "faces": {
                "north": { "texture": "#2", "uv": [ 0.0, 0.0, 0.09999998658895493, 0.09999998658895493 ] },
                "east": { "texture": "#2", "uv": [ 0.0, 0.0, 0.09999998658895493, 0.09999998658895493 ] },
                "south": { "texture": "#2", "uv": [ 0.0, 0.0, 0.09999998658895493, 0.09999998658895493 ] },
                "west": { "texture": "#2", "uv": [ 0.0, 0.0, 0.09999998658895493, 0.09999998658895493 ] },
                "up": { "texture": "#2", "uv": [ 0.0, 0.0, 0.09999998658895493, 0.09999998658895493 ] },
                "down": { "texture": "#2", "uv": [ 0.0, 0.0, 0.1, 0.1 ] }
            }
        },
        {
            "name": "Cube",
            "from": [ 11.099999971687794, 2.099999986588955, 7.100000001490116 ], 
            "to": [ 13.099999971687794, 2.299999989569187, 7.699999995529652 ], 
            "faces": {
                "north": { "texture": "#3", "uv": [ 0.0, 0.0, 0.09999998658895493, 0.09999998658895493 ] },
                "east": { "texture": "#3", "uv": [ 0.0, 0.0, 0.09999998658895493, 0.09999998658895493 ] },
                "south": { "texture": "#3", "uv": [ 0.0, 0.0, 0.09999998658895493, 0.09999998658895493 ] },
                "west": { "texture": "#3", "uv": [ 0.0, 0.0, 0.09999998658895493, 0.09999998658895493 ] },
                "up": { "texture": "#3", "uv": [ 0.0, 0.0, 0.09999998658895493, 0.09999998658895493 ] },
                "down": { "texture": "#3", "uv": [ 0.0, 0.0, 1.0, 0.5999999940395355 ] }
            }
        },
        {
            "name": "Cube",
            "from": [ 10.899999968707561, 2.299999989569187, 7.100000001490116 ], 
            "to": [ 11.099999956786633, 3.4000000059604645, 7.699999995529652 ], 
            "faces": {
                "north": { "texture": "#3", "uv": [ 0.0, 0.0, 0.09999998658895493, 0.09999998658895493 ] },
                "east": { "texture": "#3", "uv": [ 0.0, 0.0, 0.09999998658895493, 0.09999998658895493 ] },
                "south": { "texture": "#3", "uv": [ 0.0, 0.0, 0.09999998658895493, 0.09999998658895493 ] },
                "west": { "texture": "#3", "uv": [ 0.0, 0.0, 0.09999998658895493, 0.09999998658895493 ] },
                "up": { "texture": "#3", "uv": [ 0.0, 0.0, 0.09999998658895493, 0.09999998658895493 ] },
                "down": { "texture": "#3", "uv": [ 0.0, 0.0, 0.19999998807907104, 0.5999999940395355 ] }
            }
        },
        {
            "name": "Cube",
            "from": [ 12.19999997317791, 2.4999999925494194, 7.200000002980232 ], 
            "to": [ 12.399999961256981, 2.900000013411045, 7.5999999940395355 ], 
            "rotation": { "origin": [ 12.200000002980232, 2.899999998509884, 8.0 ], "axis": "z", "angle": -22.5 },
            "faces": {
                "north": { "texture": "#3", "uv": [ 0.0, 0.0, 0.09999998658895493, 0.09999998658895493 ] },
                "east": { "texture": "#3", "uv": [ 0.0, 0.0, 0.09999998658895493, 0.09999998658895493 ] },
                "south": { "texture": "#3", "uv": [ 0.0, 0.0, 0.09999998658895493, 0.09999998658895493 ] },
                "west": { "texture": "#3", "uv": [ 0.0, 0.0, 0.09999998658895493, 0.09999998658895493 ] },
                "up": { "texture": "#3", "uv": [ 0.0, 0.0, 0.09999998658895493, 0.09999998658895493 ] },
                "down": { "texture": "#3", "uv": [ 0.0, 0.0, 0.19999998807907104, 0.3999999910593033 ] }
            }
        },
        {
            "name": "Cube",
            "from": [ 12.19999997317791, 2.7999999970197678, 7.200000002980232 ], 
            "to": [ 12.399999961256981, 3.500000022351742, 7.5999999940395355 ], 
            "faces": {
                "north": { "texture": "#3", "uv": [ 0.0, 0.0, 0.09999998658895493, 0.09999998658895493 ] },
                "east": { "texture": "#3", "uv": [ 0.0, 0.0, 0.09999998658895493, 0.09999998658895493 ] },
                "south": { "texture": "#3", "uv": [ 0.0, 0.0, 0.09999998658895493, 0.09999998658895493 ] },
                "west": { "texture": "#3", "uv": [ 0.0, 0.0, 0.09999998658895493, 0.09999998658895493 ] },
                "up": { "texture": "#3", "uv": [ 0.0, 0.0, 0.09999998658895493, 0.09999998658895493 ] },
                "down": { "texture": "#3", "uv": [ 0.0, 0.0, 0.19999998807907104, 0.3999999910593033 ] }
            }
        },
        {
            "name": "Cube",
            "from": [ 14.499999977648258, 6.499999977648258, 7.0 ], 
            "to": [ 15.099999971687794, 6.6999999806284904, 7.799999997019768 ], 
            "faces": {
                "north": { "texture": "#3", "uv": [ 0.0, 0.0, 0.09999998658895493, 0.09999998658895493 ] },
                "east": { "texture": "#3", "uv": [ 0.0, 0.0, 0.09999998658895493, 0.09999998658895493 ] },
                "south": { "texture": "#3", "uv": [ 0.0, 0.0, 0.09999998658895493, 0.09999998658895493 ] },
                "west": { "texture": "#3", "uv": [ 0.0, 0.0, 0.09999998658895493, 0.09999998658895493 ] },
                "up": { "texture": "#3", "uv": [ 0.0, 0.0, 0.09999998658895493, 0.09999998658895493 ] },
                "down": { "texture": "#3", "uv": [ 0.0, 0.0, 0.5999999940395355, 0.7999999970197678 ] }
            }
        },
        {
            "name": "Cube",
            "from": [ 14.599999979138374, 6.6999999806284904, 7.100000001490116 ], 
            "to": [ 14.999999970197678, 6.999999985098839, 7.200000002980232 ], 
            "faces": {
                "north": { "texture": "#3", "uv": [ 0.0, 0.0, 0.09999998658895493, 0.09999998658895493 ] },
                "east": { "texture": "#3", "uv": [ 0.0, 0.0, 0.09999998658895493, 0.09999998658895493 ] },
                "south": { "texture": "#3", "uv": [ 0.0, 0.0, 0.09999998658895493, 0.09999998658895493 ] },
                "west": { "texture": "#3", "uv": [ 0.0, 0.0, 0.09999998658895493, 0.09999998658895493 ] },
                "up": { "texture": "#3", "uv": [ 0.0, 0.0, 0.09999998658895493, 0.09999998658895493 ] },
                "down": { "texture": "#3", "uv": [ 0.0, 0.0, 0.3999999910593033, 0.10000000149011612 ] }
            }
        },
        {
            "name": "Cube",
            "from": [ 14.599999979138374, 6.599999979138374, 7.5999999940395355 ], 
            "to": [ 14.999999970197678, 6.999999985098839, 7.699999995529652 ], 
            "faces": {
                "north": { "texture": "#3", "uv": [ 0.0, 0.0, 0.09999998658895493, 0.09999998658895493 ] },
                "east": { "texture": "#3", "uv": [ 0.0, 0.0, 0.09999998658895493, 0.09999998658895493 ] },
                "south": { "texture": "#3", "uv": [ 0.0, 0.0, 0.09999998658895493, 0.09999998658895493 ] },
                "west": { "texture": "#3", "uv": [ 0.0, 0.0, 0.09999998658895493, 0.09999998658895493 ] },
                "up": { "texture": "#3", "uv": [ 0.0, 0.0, 0.09999998658895493, 0.09999998658895493 ] },
                "down": { "texture": "#3", "uv": [ 0.0, 0.0, 0.3999999910593033, 0.10000000149011612 ] }
            }
        },
        {
            "name": "Cube",
            "from": [ 14.799999982118607, 6.6999999806284904, 7.299999989569187 ], 
            "to": [ 14.899999968707561, 6.899999983608723, 7.499999992549419 ], 
            "faces": {
                "north": { "texture": "#3", "uv": [ 0.0, 0.0, 0.09999998658895493, 0.09999998658895493 ] },
                "east": { "texture": "#3", "uv": [ 0.0, 0.0, 0.09999998658895493, 0.09999998658895493 ] },
                "south": { "texture": "#3", "uv": [ 0.0, 0.0, 0.09999998658895493, 0.09999998658895493 ] },
                "west": { "texture": "#3", "uv": [ 0.0, 0.0, 0.09999998658895493, 0.09999998658895493 ] },
                "up": { "texture": "#3", "uv": [ 0.0, 0.0, 0.09999998658895493, 0.09999998658895493 ] },
                "down": { "texture": "#3", "uv": [ 0.0, 0.0, 0.09999998658895493, 0.20000000298023224 ] }
            }
        },
        {
            "name": "Cube",
            "from": [ -6.099999986588955, 5.699999995529652, 7.0 ], 
            "to": [ -5.199999988079071, 6.499999992549419, 7.799999997019768 ], 
            "faces": {
                "north": { "texture": "#0", "uv": [ 0.0, 0.0, 0.09999998658895493, 0.09999998658895493 ] },
                "east": { "texture": "#0", "uv": [ 0.0, 0.0, 0.09999998658895493, 0.09999998658895493 ] },
                "south": { "texture": "#0", "uv": [ 0.0, 0.0, 0.09999998658895493, 0.09999998658895493 ] },
                "west": { "texture": "#0", "uv": [ 0.0, 0.0, 0.09999998658895493, 0.09999998658895493 ] },
                "up": { "texture": "#0", "uv": [ 0.0, 0.0, 0.09999998658895493, 0.09999998658895493 ] },
                "down": { "texture": "#0", "uv": [ 0.0, 0.0, 0.8999999985098839, 0.7999999970197678 ] }
            }
        },
        {
            "name": "Cube",
            "from": [ -5.799999982118607, 6.499999977648258, 7.299999989569187 ], 
            "to": [ -5.299999989569187, 7.19999997317791, 7.5999999940395355 ], 
            "faces": {
                "north": { "texture": "#1", "uv": [ 0.0, 0.0, 0.09999998658895493, 0.09999998658895493 ] },
                "east": { "texture": "#1", "uv": [ 0.0, 0.0, 0.09999998658895493, 0.09999998658895493 ] },
                "south": { "texture": "#1", "uv": [ 0.0, 0.0, 0.09999998658895493, 0.09999998658895493 ] },
                "west": { "texture": "#1", "uv": [ 0.0, 0.0, 0.09999998658895493, 0.09999998658895493 ] },
                "up": { "texture": "#1", "uv": [ 0.0, 0.0, 0.09999998658895493, 0.09999998658895493 ] },
                "down": { "texture": "#1", "uv": [ 0.0, 0.0, 0.4999999925494194, 0.30000000447034836 ] }
            }
        },
        {
            "name": "Cube",
            "from": [ -5.799999982118607, 7.199999988079071, 7.199999988079071 ], 
            "to": [ -5.299999989569187, 7.499999977648258, 7.299999989569187 ], 
            "faces": {
                "north": { "texture": "#1", "uv": [ 0.0, 0.0, 0.09999998658895493, 0.09999998658895493 ] },
                "east": { "texture": "#1", "uv": [ 0.0, 0.0, 0.09999998658895493, 0.09999998658895493 ] },
                "south": { "texture": "#1", "uv": [ 0.0, 0.0, 0.09999998658895493, 0.09999998658895493 ] },
                "west": { "texture": "#1", "uv": [ 0.0, 0.0, 0.09999998658895493, 0.09999998658895493 ] },
                "up": { "texture": "#1", "uv": [ 0.0, 0.0, 0.09999998658895493, 0.09999998658895493 ] },
                "down": { "texture": "#1", "uv": [ 0.0, 0.0, 0.4999999925494194, 0.10000000149011612 ] }
            }
        },
        {
            "name": "Cube",
            "from": [ -5.799999982118607, 7.199999988079071, 7.5999999940395355 ], 
            "to": [ -5.299999989569187, 7.499999977648258, 7.699999995529652 ], 
            "faces": {
                "north": { "texture": "#1", "uv": [ 0.0, 0.0, 0.09999998658895493, 0.09999998658895493 ] },
                "east": { "texture": "#1", "uv": [ 0.0, 0.0, 0.09999998658895493, 0.09999998658895493 ] },
                "south": { "texture": "#1", "uv": [ 0.0, 0.0, 0.09999998658895493, 0.09999998658895493 ] },
                "west": { "texture": "#1", "uv": [ 0.0, 0.0, 0.09999998658895493, 0.09999998658895493 ] },
                "up": { "texture": "#1", "uv": [ 0.0, 0.0, 0.09999998658895493, 0.09999998658895493 ] },
                "down": { "texture": "#1", "uv": [ 0.0, 0.0, 0.4999999925494194, 0.10000000149011612 ] }
            }
        },
        {
            "name": "Cube",
            "from": [ -5.599999979138374, 7.199999988079071, 7.399999991059303 ], 
            "to": [ -5.399999991059303, 7.399999976158142, 7.499999992549419 ], 
            "faces": {
                "north": { "texture": "#1", "uv": [ 0.0, 0.0, 0.09999998658895493, 0.09999998658895493 ] },
                "east": { "texture": "#1", "uv": [ 0.0, 0.0, 0.09999998658895493, 0.09999998658895493 ] },
                "south": { "texture": "#1", "uv": [ 0.0, 0.0, 0.09999998658895493, 0.09999998658895493 ] },
                "west": { "texture": "#1", "uv": [ 0.0, 0.0, 0.09999998658895493, 0.09999998658895493 ] },
                "up": { "texture": "#1", "uv": [ 0.0, 0.0, 0.09999998658895493, 0.09999998658895493 ] },
                "down": { "texture": "#1", "uv": [ 0.0, 0.0, 0.19999998807907104, 0.10000000149011612 ] }
            }
        },
        {
            "name": "Cube",
            "from": [ -6.199999988079071, 4.699999995529652, 7.0 ], 
            "to": [ -5.199999988079071, 5.499999992549419, 7.799999997019768 ], 
            "faces": {
                "north": { "texture": "#2", "uv": [ 0.0, 0.0, 0.09999998658895493, 0.09999998658895493 ] },
                "east": { "texture": "#2", "uv": [ 0.0, 0.0, 0.09999998658895493, 0.09999998658895493 ] },
                "south": { "texture": "#2", "uv": [ 0.0, 0.0, 0.09999998658895493, 0.09999998658895493 ] },
                "west": { "texture": "#2", "uv": [ 0.0, 0.0, 0.09999998658895493, 0.09999998658895493 ] },
                "up": { "texture": "#2", "uv": [ 0.0, 0.0, 0.09999998658895493, 0.09999998658895493 ] },
                "down": { "texture": "#2", "uv": [ 0.0, 0.0, 1.0, 0.7999999970197678 ] }
            }
        },
        {
            "name": "Cube",
            "from": [ 4.999999970197678, 7.899999998509884, 8.699999995529652 ], 
            "to": [ 5.299999959766865, 9.200000002980232, 8.899999998509884 ], 
            "rotation": { "origin": [ 7.699999995529652, 8.100000001490116, 6.600000008940697 ], "axis": "x", "angle": 45.0 },
            "faces": {
                "north": { "texture": "#0", "uv": [ 0.0, 0.0, 0.09999998658895493, 0.09999998658895493 ] },
                "east": { "texture": "#0", "uv": [ 0.0, 0.0, 0.09999998658895493, 0.09999998658895493 ] },
                "south": { "texture": "#0", "uv": [ 0.0, 0.0, 0.09999998658895493, 0.09999998658895493 ] },
                "west": { "texture": "#0", "uv": [ 0.0, 0.0, 0.09999998658895493, 0.09999998658895493 ] },
                "up": { "texture": "#0", "uv": [ 0.0, 0.0, 0.09999998658895493, 0.09999998658895493 ] },
                "down": { "texture": "#0", "uv": [ 0.0, 0.0, 0.29999998956918716, 0.20000000298023224 ] }
            }
        },
        {
            "name": "Cube",
            "from": [ 4.8999999687075615, 8.69999996572733, 8.49999999254942 ], 
            "to": [ 7.499999962747097, 9.299999974668026, 9.100000001490116 ], 
            "rotation": { "origin": [ 7.699999995529652, 8.100000001490116, 6.600000008940697 ], "axis": "x", "angle": 45.0 },
            "faces": {
                "north": { "texture": "#4", "uv": [ 0.0, 0.0, 0.09999998658895493, 0.09999998658895493 ] },
                "east": { "texture": "#4", "uv": [ 0.0, 0.0, 0.09999998658895493, 0.09999998658895493 ] },
                "south": { "texture": "#4", "uv": [ 0.0, 0.0, 0.09999998658895493, 0.09999998658895493 ] },
                "west": { "texture": "#4", "uv": [ 0.0, 0.0, 0.09999998658895493, 0.09999998658895493 ] },
                "up": { "texture": "#4", "uv": [ 0.0, 0.0, 0.09999998658895493, 0.09999998658895493 ] },
                "down": { "texture": "#4", "uv": [ 0.0, 0.0, 0.1, 0.1 ] }
            }
        }
    ]
}