{
    "__comment": "Model generated using MrCrayfish's Model Creator (http://mrcrayfish.com/modelcreator/)",
    "textures": {
        "0": "blocks/grenades/smoke"
    },
    "elements": [
        {
            "name": "Element",
            "from": [ 6.0, 4.0, 6.0 ], 
            "to": [ 10.0, 13.5, 10.0 ],
            "faces": {
                "north": { "texture": "#0", "uv": [ 0.0, 1.5, 4.5, 14.0 ] },
                "east": { "texture": "#0", "uv": [ 0.0, 1.5, 4.5, 14.0 ] },
                "south": { "texture": "#0", "uv": [ 0.0, 1.5, 4.5, 14.0 ] },
                "west": { "texture": "#0", "uv": [ 0.0, 1.5, 4.5, 14.0 ] },
                "up": { "texture": "#0", "uv": [ 0.0, 0.0, 0.5, 0.5 ] },
                "down": { "texture": "#0", "uv": [ 0.0, 0.0, 0.5, 0.5 ] }
            }
        },
        {
            "name": "Element",
            "from": [ 7.0, 13.5, 7.0 ], 
            "to": [ 9.0, 15.5, 9.0 ], 
            "faces": {
                "north": { "texture": "#0", "uv": [ 12.0, 0.5, 14.0, 2.5 ] },
                "east": { "texture": "#0", "uv": [ 11.5, 0.5, 13.5, 2.5 ] },
                "south": { "texture": "#0", "uv": [ 12.0, 0.5, 14.0, 2.5 ] },
                "west": { "texture": "#0", "uv": [ 11.5, 0.5, 13.5, 2.5 ] },
                "up": { "texture": "#0", "uv": [ 12.5, 1.0, 14.5, 3.0 ] },
                "down": { "texture": "#0", "uv": [ 12.5, 1.0, 14.5, 3.0 ] }
            }
        },
        {
            "name": "Element",
            "from": [ 8.5, 15.0, 7.0 ], 
            "to": [ 9.5, 15.5, 9.0 ], 
            "faces": {
                "north": { "texture": "#0", "uv": [ 6.5, 0.5, 7.5, 1.0 ] },
                "east": { "texture": "#0", "uv": [ 7.0, 0.5, 9.0, 1.0 ] },
                "south": { "texture": "#0", "uv": [ 8.5, 0.5, 9.5, 1.0 ] },
                "west": { "texture": "#0", "uv": [ 7.0, 0.5, 9.0, 1.0 ] },
                "up": { "texture": "#0", "uv": [ 8.5, 7.0, 9.5, 9.0 ] },
                "down": { "texture": "#0", "uv": [ 7.5, 9.0, 6.5, 7.0 ] }
            }
        },
        {
            "name": "Element",
            "from": [ 9.5, 15.0, 7.0 ], 
            "to": [ 12.0, 15.5, 9.0 ], 
            "rotation": { "origin": [ 9.5, 15.5, 7.0 ], "axis": "z", "angle": -45.0 },
            "faces": {
                "north": { "texture": "#0", "uv": [ 10.5, 2.5, 16.0, 3.0 ] },
                "east": { "texture": "#0", "uv": [ 5.5, 0.0, 7.5, 0.5 ] },
                "south": { "texture": "#0", "uv": [ 9.5, 0.0, 15.0, 0.5 ] },
                "west": { "texture": "#0", "uv": [ 9.5, 0.0, 11.5, 0.5 ] },
                "up": { "texture": "#0", "uv": [ 9.5, 9.5, 15.0, 11.5 ] },
                "down": { "texture": "#0", "uv": [ 11.5, 11.5, 6.0, 9.5 ] }
            }
        },
        {
            "name": "Element",
            "from": [ 10.8125, 7.25, 7.5 ], 
            "to": [ 11.3125, 13.75, 8.5 ], 
            "faces": {
                "north": { "texture": "#0", "uv": [ 4.6875, 2.25, 5.1875, 8.75 ] },
                "east": { "texture": "#0", "uv": [ 7.5, 2.25, 8.5, 8.75 ] },
                "south": { "texture": "#0", "uv": [ 10.8125, 2.25, 11.3125, 8.75 ] },
                "west": { "texture": "#0", "uv": [ 7.5, 2.25, 8.5, 8.75 ] },
                "up": { "texture": "#0", "uv": [ 10.8125, 7.5, 11.3125, 8.5 ] },
                "down": { "texture": "#0", "uv": [ 5.1875, 8.5, 4.6875, 7.5 ] }
            }
        },
        {
            "name": "Element",
            "from": [ 10.3125, 6.875, 7.5 ], 
            "to": [ 11.3125, 7.375, 8.5 ], 
            "faces": {
                "north": { "texture": "#0", "uv": [ 4.6875, 8.625, 5.6875, 9.125 ] },
                "east": { "texture": "#0", "uv": [ 7.5, 8.625, 8.5, 9.125 ] },
                "south": { "texture": "#0", "uv": [ 10.3125, 8.625, 11.3125, 9.125 ] },
                "west": { "texture": "#0", "uv": [ 7.5, 8.625, 8.5, 9.125 ] },
                "up": { "texture": "#0", "uv": [ 10.3125, 7.5, 11.3125, 8.5 ] },
                "down": { "texture": "#0", "uv": [ 5.6875, 8.5, 4.6875, 7.5 ] }
            }
        },
        {
            "name": "Element",
            "from": [ 6.5, 15.0, 7.0 ], 
            "to": [ 7.0, 15.5, 9.0 ], 
            "faces": {
                "north": { "texture": "#0", "uv": [ 9.0, 0.5, 9.5, 1.0 ] },
                "east": { "texture": "#0", "uv": [ 7.0, 0.5, 9.0, 1.0 ] },
                "south": { "texture": "#0", "uv": [ 6.5, 0.5, 7.0, 1.0 ] },
                "west": { "texture": "#0", "uv": [ 7.0, 0.5, 9.0, 1.0 ] },
                "up": { "texture": "#0", "uv": [ 6.5, 7.0, 7.0, 9.0 ] },
                "down": { "texture": "#0", "uv": [ 9.5, 9.0, 9.0, 7.0 ] }
            }
        }
    ]
}